ticker,name,type,sector,asset_class,market_value,notional_value,quantity,price,location,exchange,currency,fx_rate,market_currency,accrual_date,market_weight,notional_weight,etf,index
FLEX,FLEX LTD,EQUITY,Information Technology,Equity,,,"12,431,891.00",133.01,United States,NASDAQ,USD,1.0,USD,-,1.41,1.41,IJH,S&P Mid-Cap 400
TWLO,TWILIO INC CLASS A,EQUITY,Information Technology,Equity,,,"5,126,319.00",197.07,United States,NYSE,USD,1.0,USD,-,0.86,0.86,IJH,S&P Mid-Cap 400
FTI,TECHNIPFMC PLC,EQUITY,Energy,Equity,,,"13,677,694.00",71.03,United States,NYSE,USD,1.0,USD,-,0.83,0.83,IJH,S&P Mid-Cap 400
NVT,NVENT ELECTRIC PLC,EQUITY,Industrials,Equity,,,"5,455,873.00",166.73,United States,NYSE,USD,1.0,USD,-,0.78,0.78,IJH,S&P Mid-Cap 400
CW,CURTISS WRIGHT CORP,EQUITY,Industrials,Equity,,,"1,246,606.00",724.43,United States,NYSE,USD,1.0,USD,-,0.77,0.77,IJH,S&P Mid-Cap 400
MTZ,MASTEC INC,EQUITY,Industrials,Equity,,,"2,073,969.00",412.27,United States,NYSE,USD,1.0,USD,-,0.73,0.73,IJH,S&P Mid-Cap 400
STRL,STERLING INFRASTRUCTURE INC,EQUITY,Industrials,Equity,,,"1,038,713.00",811.41,United States,NASDAQ,USD,1.0,USD,-,0.72,0.72,IJH,S&P Mid-Cap 400
UTHR,UNITED THERAPEUTICS CORP,EQUITY,Health Care,Equity,,,"1,455,888.00",569.18,United States,NASDAQ,USD,1.0,USD,-,0.71,0.71,IJH,S&P Mid-Cap 400
XPO,XPO INC,EQUITY,Industrials,Equity,,,"3,961,025.00",206.88,United States,NYSE,USD,1.0,USD,-,0.70,0.70,IJH,S&P Mid-Cap 400
P,EVERPURE INC CLASS A,EQUITY,Information Technology,Equity,,,"10,605,558.00",76.05,United States,NYSE,USD,1.0,USD,-,0.69,0.69,IJH,S&P Mid-Cap 400
ENTG,ENTEGRIS INC,EQUITY,Information Technology,Equity,,,"5,139,422.00",147.66,United States,NASDAQ,USD,1.0,USD,-,0.65,0.65,IJH,S&P Mid-Cap 400
FN,FABRINET,EQUITY,Information Technology,Equity,,,"1,211,393.00",626.12,United States,NYSE,USD,1.0,USD,-,0.65,0.65,IJH,S&P Mid-Cap 400
MTSI,MACOM TECHNOLOGY SOLUTIONS INC,EQUITY,Information Technology,Equity,,,"2,181,237.00",344.47,United States,NASDAQ,USD,1.0,USD,-,0.64,0.64,IJH,S&P Mid-Cap 400
CRS,CARPENTER TECHNOLOGY CORP,EQUITY,Industrials,Equity,,,"1,684,206.00",445.14,United States,NYSE,USD,1.0,USD,-,0.64,0.64,IJH,S&P Mid-Cap 400
WWD,WOODWARD INC,EQUITY,Industrials,Equity,,,"2,015,717.00",370.77,United States,NASDAQ,USD,1.0,USD,-,0.64,0.64,IJH,S&P Mid-Cap 400
ATI,ATI INC,EQUITY,Industrials,Equity,,,"4,593,790.00",162.66,United States,NYSE,USD,1.0,USD,-,0.64,0.64,IJH,S&P Mid-Cap 400
ILMN,ILLUMINA INC,EQUITY,Health Care,Equity,,,"5,169,877.00",138.71,United States,NASDAQ,USD,1.0,USD,-,0.61,0.61,IJH,S&P Mid-Cap 400
MKSI,MKS,EQUITY,Information Technology,Equity,,,"2,271,084.00",300.79,United States,NASDAQ,USD,1.0,USD,-,0.58,0.58,IJH,S&P Mid-Cap 400
RBC,RBC BEARINGS INC,EQUITY,Industrials,Equity,,,"1,069,108.00",611.54,United States,NYSE,USD,1.0,USD,-,0.56,0.56,IJH,S&P Mid-Cap 400
RS,RELIANCE STEEL & ALUMINUM,EQUITY,Materials,Equity,,,"1,767,929.00",369.1,United States,NYSE,USD,1.0,USD,-,0.56,0.56,IJH,S&P Mid-Cap 400
RBA,RB GLOBAL INC,EQUITY,Industrials,Equity,,,"6,278,597.00",103.43,Canada,NYSE,USD,1.0,USD,-,0.55,0.55,IJH,S&P Mid-Cap 400
BWXT,BWX TECHNOLOGIES INC,EQUITY,Industrials,Equity,,,"3,091,348.00",209.89,United States,NYSE,USD,1.0,USD,-,0.55,0.55,IJH,S&P Mid-Cap 400
USFD,US FOODS HOLDING CORP,EQUITY,Consumer Staples,Equity,,,"7,456,954.00",86.88,United States,NYSE,USD,1.0,USD,-,0.55,0.55,IJH,S&P Mid-Cap 400
BURL,BURLINGTON STORES INC,EQUITY,Consumer Discretionary,Equity,,,"2,102,451.00",306.6,United States,NYSE,USD,1.0,USD,-,0.55,0.55,IJH,S&P Mid-Cap 400
RGLD,ROYAL GOLD INC,EQUITY,Materials,Equity,,,"2,739,515.00",232.68,United States,NASDAQ,USD,1.0,USD,-,0.54,0.54,IJH,S&P Mid-Cap 400
NXT,NEXTPOWER INC CLASS A,EQUITY,Industrials,Equity,,,"5,020,316.00",120.86,United States,NASDAQ,USD,1.0,USD,-,0.52,0.52,IJH,S&P Mid-Cap 400
ITT,ITT INC,EQUITY,Industrials,Equity,,,"2,907,777.00",207.79,United States,NYSE,USD,1.0,USD,-,0.52,0.52,IJH,S&P Mid-Cap 400
TLN,TALEN ENERGY CORP,EQUITY,Utilities,Equity,,,"1,544,822.00",390.55,United States,NASDAQ,USD,1.0,USD,-,0.52,0.51,IJH,S&P Mid-Cap 400
SITM,SITIME CORP,EQUITY,Information Technology,Equity,,,"746,946.00",797.31,United States,NASDAQ,USD,1.0,USD,-,0.51,0.51,IJH,S&P Mid-Cap 400
SNX,TD SYNNEX CORP,EQUITY,Information Technology,Equity,,,"2,535,339.00",232.45,United States,NYSE,USD,1.0,USD,-,0.50,0.50,IJH,S&P Mid-Cap 400
APG,API GROUP CORP,EQUITY,Industrials,Equity,,,"12,973,819.00",44.63,United States,NYSE,USD,1.0,USD,-,0.49,0.49,IJH,S&P Mid-Cap 400
WCC,WESCO INTERNATIONAL INC,EQUITY,Industrials,Equity,,,"1,644,819.00",350.88,United States,NYSE,USD,1.0,USD,-,0.49,0.49,IJH,S&P Mid-Cap 400
THC,TENET HEALTHCARE CORP,EQUITY,Health Care,Equity,,,"2,971,510.00",194.13,United States,NYSE,USD,1.0,USD,-,0.49,0.49,IJH,S&P Mid-Cap 400
EWBC,EAST WEST BANCORP INC,EQUITY,Financials,Equity,,,"4,652,109.00",121.93,United States,NASDAQ,USD,1.0,USD,-,0.48,0.48,IJH,S&P Mid-Cap 400
LSCC,LATTICE SEMICONDUCTOR CORP,EQUITY,Information Technology,Equity,,,"4,625,020.00",119.92,United States,NASDAQ,USD,1.0,USD,-,0.47,0.47,IJH,S&P Mid-Cap 400
AA,ALCOA CORP,EQUITY,Materials,Equity,,,"8,756,152.00",62.64,United States,NYSE,USD,1.0,USD,-,0.47,0.47,IJH,S&P Mid-Cap 400
WPC,W. P. CAREY REIT INC,EQUITY,Real Estate,Equity,,,"7,409,766.00",73.9,United States,NYSE,USD,1.0,USD,-,0.47,0.47,IJH,S&P Mid-Cap 400
OVV,OVINTIV INC,EQUITY,Energy,Equity,,,"9,388,507.00",58.31,United States,NYSE,USD,1.0,USD,-,0.47,0.47,IJH,S&P Mid-Cap 400
NLY,ANNALY CAPITAL MANAGEMENT REIT INC,EQUITY,Financials,Equity,,,"24,290,209.00",22.38,United States,NYSE,USD,1.0,USD,-,0.46,0.46,IJH,S&P Mid-Cap 400
TTMI,TTM TECHNOLOGIES INC,EQUITY,Information Technology,Equity,,,"3,493,803.00",153.77,United States,NASDAQ,USD,1.0,USD,-,0.46,0.46,IJH,S&P Mid-Cap 400
JLL,JONES LANG LASALLE INC,EQUITY,Real Estate,Equity,,,"1,595,738.00",328.06,United States,NYSE,USD,1.0,USD,-,0.45,0.45,IJH,S&P Mid-Cap 400
MLI,MUELLER INDUSTRIES INC,EQUITY,Industrials,Equity,,,"3,753,619.00",137.76,United States,NYSE,USD,1.0,USD,-,0.44,0.44,IJH,S&P Mid-Cap 400
NBIX,NEUROCRINE BIOSCIENCES INC,EQUITY,Health Care,Equity,,,"3,393,583.00",149.59,United States,NASDAQ,USD,1.0,USD,-,0.43,0.43,IJH,S&P Mid-Cap 400
WSO,WATSCO INC,EQUITY,Industrials,Equity,,,"1,181,806.00",429.24,United States,NYSE,USD,1.0,USD,-,0.43,0.43,IJH,S&P Mid-Cap 400
LECO,LINCOLN ELECTRIC HOLDINGS INC,EQUITY,Industrials,Equity,,,"1,860,549.00",271.12,United States,NASDAQ,USD,1.0,USD,-,0.43,0.43,IJH,S&P Mid-Cap 400
PR,PERMIAN RESOURCES CORP CLASS A,EQUITY,Energy,Equity,,,"25,032,955.00",20.08,United States,NYSE,USD,1.0,USD,-,0.43,0.43,IJH,S&P Mid-Cap 400
PNFP,PINNACLE FINANCIAL PARTNERS INC,EQUITY,Financials,Equity,,,"5,090,223.00",98.66,United States,NYSE,USD,1.0,USD,-,0.43,0.43,IJH,S&P Mid-Cap 400
SGI,SOMNIGROUP INTERNATIONAL INC,EQUITY,Consumer Discretionary,Equity,,,"7,097,457.00",70.67,United States,NYSE,USD,1.0,USD,-,0.43,0.43,IJH,S&P Mid-Cap 400
DKS,DICKS SPORTING INC,EQUITY,Consumer Discretionary,Equity,,,"2,245,060.00",222.2,United States,NYSE,USD,1.0,USD,-,0.43,0.43,IJH,S&P Mid-Cap 400
CSL,CARLISLE COMPANIES INC,EQUITY,Industrials,Equity,,,"1,379,176.00",360.46,United States,NYSE,USD,1.0,USD,-,0.42,0.42,IJH,S&P Mid-Cap 400
DTM,DT MIDSTREAM INC,EQUITY,Energy,Equity,,,"3,437,798.00",144.13,United States,NYSE,USD,1.0,USD,-,0.42,0.42,IJH,S&P Mid-Cap 400
PFGC,PERFORMANCE FOOD GROUP,EQUITY,Consumer Staples,Equity,,,"5,311,835.00",92.71,United States,NYSE,USD,1.0,USD,-,0.42,0.42,IJH,S&P Mid-Cap 400
CLH,CLEAN HARBORS INC,EQUITY,Industrials,Equity,,,"1,698,205.00",282.37,United States,NYSE,USD,1.0,USD,-,0.41,0.41,IJH,S&P Mid-Cap 400
TRU,TRANSUNION,EQUITY,Industrials,Equity,,,"6,505,425.00",72.95,United States,NYSE,USD,1.0,USD,-,0.41,0.40,IJH,S&P Mid-Cap 400
RGA,REINSURANCE GROUP OF AMERICA INC,EQUITY,Financials,Equity,,,"2,220,721.00",212.81,United States,NYSE,USD,1.0,USD,-,0.40,0.40,IJH,S&P Mid-Cap 400
JAZZ,JAZZ PHARMACEUTICALS PLC,EQUITY,Health Care,Equity,,,"2,054,558.00",226.96,United States,NASDAQ,USD,1.0,USD,-,0.40,0.40,IJH,S&P Mid-Cap 400
OKTA,OKTA INC CLASS A,EQUITY,Information Technology,Equity,,,"5,726,475.00",80.88,United States,NASDAQ,USD,1.0,USD,-,0.40,0.39,IJH,S&P Mid-Cap 400
RRX,REGAL REXNORD CORP,EQUITY,Industrials,Equity,,,"2,243,927.00",206.26,United States,NYSE,USD,1.0,USD,-,0.40,0.39,IJH,S&P Mid-Cap 400
OHI,OMEGA HEALTHCARE INVESTORS REIT IN,EQUITY,Real Estate,Equity,,,"9,993,886.00",46.13,United States,NYSE,USD,1.0,USD,-,0.39,0.39,IJH,S&P Mid-Cap 400
RMBS,RAMBUS INC,EQUITY,Information Technology,Equity,,,"3,640,036.00",126.6,United States,NASDAQ,USD,1.0,USD,-,0.39,0.39,IJH,S&P Mid-Cap 400
ONTO,ONTO INNOVATION INC,EQUITY,Information Technology,Equity,,,"1,677,953.00",274.17,United States,NYSE,USD,1.0,USD,-,0.39,0.39,IJH,S&P Mid-Cap 400
GLPI,GAMING AND LEISURE PROPERTIES REIT,EQUITY,Real Estate,Equity,,,"9,569,128.00",47.92,United States,NASDAQ,USD,1.0,USD,-,0.39,0.39,IJH,S&P Mid-Cap 400
AEIS,ADVANCED ENERGY INDUSTRIES INC,EQUITY,Information Technology,Equity,,,"1,276,264.00",351.94,United States,NASDAQ,USD,1.0,USD,-,0.38,0.38,IJH,S&P Mid-Cap 400
LAMR,LAMAR ADVERTISING COMPANY CLAS,EQUITY,Real Estate,Equity,,,"2,937,234.00",151.2,United States,NASDAQ,USD,1.0,USD,-,0.38,0.38,IJH,S&P Mid-Cap 400
RNR,RENAISSANCERE HOLDING LTD,EQUITY,Financials,Equity,,,"1,470,441.00",300.84,United States,NYSE,USD,1.0,USD,-,0.38,0.38,IJH,S&P Mid-Cap 400
GGG,GRACO INC,EQUITY,Industrials,Equity,,,"5,605,822.00",78.67,United States,NYSE,USD,1.0,USD,-,0.38,0.38,IJH,S&P Mid-Cap 400
TOL,TOLL BROTHERS INC,EQUITY,Consumer Discretionary,Equity,,,"3,203,759.00",137.09,United States,NYSE,USD,1.0,USD,-,0.38,0.37,IJH,S&P Mid-Cap 400
RPM,RPM INTERNATIONAL INC,EQUITY,Materials,Equity,,,"4,330,561.00",101.39,United States,NYSE,USD,1.0,USD,-,0.37,0.37,IJH,S&P Mid-Cap 400
NYT,NEW YORK TIMES CLASS A,EQUITY,Communication,Equity,,,"5,459,881.00",80.18,United States,NYSE,USD,1.0,USD,-,0.37,0.37,IJH,S&P Mid-Cap 400
EVR,EVERCORE INC CLASS A,EQUITY,Financials,Equity,,,"1,307,761.00",331.28,United States,NYSE,USD,1.0,USD,-,0.37,0.37,IJH,S&P Mid-Cap 400
FNF,FIDELITY NATIONAL FINANCIAL INC,EQUITY,Financials,Equity,,,"8,612,054.00",50.27,United States,NYSE,USD,1.0,USD,-,0.37,0.37,IJH,S&P Mid-Cap 400
DY,DYCOM INDUSTRIES INC,EQUITY,Industrials,Equity,,,"1,013,370.00",426.36,United States,NYSE,USD,1.0,USD,-,0.37,0.37,IJH,S&P Mid-Cap 400
ROIV,ROIVANT SCIENCES LTD,EQUITY,Health Care,Equity,,,"15,236,858.00",28.28,United States,NASDAQ,USD,1.0,USD,-,0.37,0.37,IJH,S&P Mid-Cap 400
PEN,PENUMBRA INC,EQUITY,Health Care,Equity,,,"1,326,515.00",324.65,United States,NYSE,USD,1.0,USD,-,0.37,0.37,IJH,S&P Mid-Cap 400
CG,CARLYLE GROUP INC,EQUITY,Financials,Equity,,,"8,769,078.00",49.01,United States,NASDAQ,USD,1.0,USD,-,0.37,0.37,IJH,S&P Mid-Cap 400
PINS,PINTEREST INC CLASS A,EQUITY,Communication,Equity,,,"19,784,258.00",21.55,United States,NYSE,USD,1.0,USD,-,0.36,0.36,IJH,S&P Mid-Cap 400
NTNX,NUTANIX INC CLASS A,EQUITY,Information Technology,Equity,,,"9,137,565.00",45.93,United States,NASDAQ,USD,1.0,USD,-,0.36,0.36,IJH,S&P Mid-Cap 400
SOLS,SOLSTICE ADVANCED MATERIALS INC,EQUITY,Materials,Equity,,,"5,367,768.00",77.76,United States,NASDAQ,USD,1.0,USD,-,0.36,0.36,IJH,S&P Mid-Cap 400
BJ,BJS WHOLESALE CLUB HOLDINGS INC,EQUITY,Consumer Staples,Equity,,,"4,424,554.00",94.33,United States,NYSE,USD,1.0,USD,-,0.36,0.36,IJH,S&P Mid-Cap 400
ALLY,ALLY FINANCIAL INC,EQUITY,Financials,Equity,,,"9,486,538.00",43.79,United States,NYSE,USD,1.0,USD,-,0.35,0.35,IJH,S&P Mid-Cap 400
ELS,EQUITY LIFESTYLE PROPERTIES REIT I,EQUITY,Real Estate,Equity,,,"6,550,220.00",63.29,United States,NYSE,USD,1.0,USD,-,0.35,0.35,IJH,S&P Mid-Cap 400
UNM,UNUM,EQUITY,Financials,Equity,,,"5,154,806.00",80.32,United States,NYSE,USD,1.0,USD,-,0.35,0.35,IJH,S&P Mid-Cap 400
FIVE,FIVE BELOW INC,EQUITY,Consumer Discretionary,Equity,,,"1,865,101.00",221.25,United States,NASDAQ,USD,1.0,USD,-,0.35,0.35,IJH,S&P Mid-Cap 400
HL,HECLA MINING,EQUITY,Materials,Equity,,,"22,644,546.00",18.07,United States,NYSE,USD,1.0,USD,-,0.35,0.35,IJH,S&P Mid-Cap 400
BWA,BORGWARNER INC,EQUITY,Consumer Discretionary,Equity,,,"7,001,427.00",58.18,United States,NYSE,USD,1.0,USD,-,0.35,0.35,IJH,S&P Mid-Cap 400
DT,DYNATRACE INC,EQUITY,Information Technology,Equity,,,"10,078,775.00",40.37,United States,NYSE,USD,1.0,USD,-,0.35,0.35,IJH,S&P Mid-Cap 400
EXEL,EXELIXIS INC,EQUITY,Health Care,Equity,,,"8,776,261.00",46.21,United States,NASDAQ,USD,1.0,USD,-,0.35,0.35,IJH,S&P Mid-Cap 400
DOCN,DIGITALOCEAN HOLDINGS INC,EQUITY,Information Technology,Equity,,,"2,689,378.00",150.43,United States,NYSE,USD,1.0,USD,-,0.35,0.35,IJH,S&P Mid-Cap 400
SAIA,SAIA INC,EQUITY,Industrials,Equity,,,"900,925.00",448.94,United States,NASDAQ,USD,1.0,USD,-,0.35,0.34,IJH,S&P Mid-Cap 400
BLD,TOPBUILD CORP,EQUITY,Consumer Discretionary,Equity,,,"943,847.00",428.03,United States,NYSE,USD,1.0,USD,-,0.34,0.34,IJH,S&P Mid-Cap 400
ELAN,ELANCO ANIMAL HEALTH INC,EQUITY,Health Care,Equity,,,"16,790,359.00",24.01,United States,NYSE,USD,1.0,USD,-,0.34,0.34,IJH,S&P Mid-Cap 400
FHN,FIRST HORIZON CORP,EQUITY,Financials,Equity,,,"16,398,879.00",24.47,United States,NYSE,USD,1.0,USD,-,0.34,0.34,IJH,S&P Mid-Cap 400
GWRE,GUIDEWIRE SOFTWARE INC,EQUITY,Information Technology,Equity,,,"2,874,873.00",139.58,United States,NYSE,USD,1.0,USD,-,0.34,0.34,IJH,S&P Mid-Cap 400
ARMK,ARAMARK,EQUITY,Consumer Discretionary,Equity,,,"8,887,530.00",45.06,United States,NYSE,USD,1.0,USD,-,0.34,0.34,IJH,S&P Mid-Cap 400
WBS,WEBSTER FINANCIAL CORP,EQUITY,Financials,Equity,,,"5,451,664.00",72.69,United States,NYSE,USD,1.0,USD,-,0.34,0.34,IJH,S&P Mid-Cap 400
SF,STIFEL FINANCIAL CORP,EQUITY,Financials,Equity,,,"5,153,286.00",76.16,United States,NYSE,USD,1.0,USD,-,0.34,0.33,IJH,S&P Mid-Cap 400
AIT,APPLIED INDUSTRIAL TECHNOLOGIES IN,EQUITY,Industrials,Equity,,,"1,263,684.00",310.37,United States,NYSE,USD,1.0,USD,-,0.33,0.33,IJH,S&P Mid-Cap 400
CCK,CROWN HOLDINGS INC,EQUITY,Materials,Equity,,,"3,787,835.00",101.09,United States,NYSE,USD,1.0,USD,-,0.33,0.33,IJH,S&P Mid-Cap 400
DINO,HF SINCLAIR CORP,EQUITY,Energy,Equity,,,"5,283,716.00",70.5,United States,NYSE,USD,1.0,USD,-,0.32,0.32,IJH,S&P Mid-Cap 400
LFUS,LITTELFUSE INC,EQUITY,Information Technology,Equity,,,"842,110.00",441.58,United States,NASDAQ,USD,1.0,USD,-,0.32,0.32,IJH,S&P Mid-Cap 400
SCI,SERVICE,EQUITY,Consumer Discretionary,Equity,,,"4,704,739.00",78.48,United States,NYSE,USD,1.0,USD,-,0.32,0.31,IJH,S&P Mid-Cap 400
CGNX,COGNEX CORP,EQUITY,Information Technology,Equity,,,"5,599,745.00",65.92,United States,NASDAQ,USD,1.0,USD,-,0.32,0.31,IJH,S&P Mid-Cap 400
ARWR,ARROWHEAD PHARMACEUTICALS INC,EQUITY,Health Care,Equity,,,"4,732,056.00",77.95,United States,NASDAQ,USD,1.0,USD,-,0.31,0.31,IJH,S&P Mid-Cap 400
EGP,EASTGROUP PROPERTIES REIT INC,EQUITY,Real Estate,Equity,,,"1,800,309.00",203.89,United States,NYSE,USD,1.0,USD,-,0.31,0.31,IJH,S&P Mid-Cap 400
CACI,CACI INTERNATIONAL INC CLASS A,EQUITY,Industrials,Equity,,,"746,245.00",489.88,United States,NYSE,USD,1.0,USD,-,0.31,0.31,IJH,S&P Mid-Cap 400
EHC,ENCOMPASS HEALTH CORP,EQUITY,Health Care,Equity,,,"3,400,111.00",107.15,United States,NYSE,USD,1.0,USD,-,0.31,0.31,IJH,S&P Mid-Cap 400
WTRG,ESSENTIAL UTILITIES INC,EQUITY,Utilities,Equity,,,"9,562,557.00",37.7,United States,NYSE,USD,1.0,USD,-,0.31,0.31,IJH,S&P Mid-Cap 400
AR,ANTERO RESOURCES CORP,EQUITY,Energy,Equity,,,"9,904,595.00",36.37,United States,NYSE,USD,1.0,USD,-,0.31,0.31,IJH,S&P Mid-Cap 400
AMH,AMERICAN HOMES RENT REIT CLASS A,EQUITY,Real Estate,Equity,,,"11,016,872.00",32.42,United States,NYSE,USD,1.0,USD,-,0.30,0.30,IJH,S&P Mid-Cap 400
ACM,AECOM,EQUITY,Industrials,Equity,,,"4,369,027.00",81.47,United States,NYSE,USD,1.0,USD,-,0.30,0.30,IJH,S&P Mid-Cap 400
KTOS,KRATOS DEFENSE AND SECURITY SOLUTI,EQUITY,Industrials,Equity,,,"6,238,581.00",57.0,United States,NASDAQ,USD,1.0,USD,-,0.30,0.30,IJH,S&P Mid-Cap 400
TXRH,TEXAS ROADHOUSE INC,EQUITY,Consumer Discretionary,Equity,,,"2,235,174.00",157.93,United States,NASDAQ,USD,1.0,USD,-,0.30,0.30,IJH,S&P Mid-Cap 400
BMRN,BIOMARIN PHARMACEUTICAL INC,EQUITY,Health Care,Equity,,,"6,492,041.00",54.12,United States,NASDAQ,USD,1.0,USD,-,0.30,0.30,IJH,S&P Mid-Cap 400
WMS,ADVANCED DRAINAGE SYSTEMS INC,EQUITY,Industrials,Equity,,,"2,421,700.00",144.08,United States,NYSE,USD,1.0,USD,-,0.30,0.30,IJH,S&P Mid-Cap 400
KNX,KNIGHT-SWIFT TRANSPORTATION HOLDIN,EQUITY,Industrials,Equity,,,"5,489,710.00",63.44,United States,NYSE,USD,1.0,USD,-,0.30,0.30,IJH,S&P Mid-Cap 400
SPXC,SPX TECHNOLOGIES INC,EQUITY,Industrials,Equity,,,"1,685,276.00",205.27,United States,NYSE,USD,1.0,USD,-,0.30,0.30,IJH,S&P Mid-Cap 400
EQH,EQUITABLE HOLDINGS INC,EQUITY,Financials,Equity,,,"8,020,261.00",42.85,United States,NYSE,USD,1.0,USD,-,0.29,0.29,IJH,S&P Mid-Cap 400
WTFC,WINTRUST FINANCIAL CORP,EQUITY,Financials,Equity,,,"2,264,993.00",151.18,United States,NASDAQ,USD,1.0,USD,-,0.29,0.29,IJH,S&P Mid-Cap 400
ENSG,ENSIGN GROUP INC,EQUITY,Health Care,Equity,,,"1,950,377.00",174.3,United States,NASDAQ,USD,1.0,USD,-,0.29,0.29,IJH,S&P Mid-Cap 400
COKE,COCA COLA CONSOLIDATED INC,EQUITY,Consumer Staples,Equity,,,"1,912,879.00",177.61,United States,NASDAQ,USD,1.0,USD,-,0.29,0.29,IJH,S&P Mid-Cap 400
VMI,VALMONT INDS INC,EQUITY,Industrials,Equity,,,"665,751.00",509.16,United States,NYSE,USD,1.0,USD,-,0.29,0.29,IJH,S&P Mid-Cap 400
OC,OWENS CORNING,EQUITY,Industrials,Equity,,,"2,779,540.00",121.81,United States,NYSE,USD,1.0,USD,-,0.29,0.29,IJH,S&P Mid-Cap 400
DCI,DONALDSON INC,EQUITY,Industrials,Equity,,,"3,900,540.00",85.91,United States,NYSE,USD,1.0,USD,-,0.29,0.29,IJH,S&P Mid-Cap 400
GME,GAMESTOP CORP CLASS A,EQUITY,Consumer Discretionary,Equity,,,"13,928,267.00",23.97,United States,NYSE,USD,1.0,USD,-,0.29,0.28,IJH,S&P Mid-Cap 400
DAR,DARLING INGREDIENTS INC,EQUITY,Consumer Staples,Equity,,,"5,345,515.00",62.27,United States,NYSE,USD,1.0,USD,-,0.28,0.28,IJH,S&P Mid-Cap 400
MUSA,MURPHY USA INC,EQUITY,Consumer Discretionary,Equity,,,"570,956.00",580.8,United States,NYSE,USD,1.0,USD,-,0.28,0.28,IJH,S&P Mid-Cap 400
OGE,OGE ENERGY CORP,EQUITY,Utilities,Equity,,,"6,947,442.00",47.33,United States,NYSE,USD,1.0,USD,-,0.28,0.28,IJH,S&P Mid-Cap 400
ARW,ARROW ELECTRONICS INC,EQUITY,Information Technology,Equity,,,"1,727,680.00",189.83,United States,NYSE,USD,1.0,USD,-,0.28,0.28,IJH,S&P Mid-Cap 400
OSK,OSHKOSH CORP,EQUITY,Industrials,Equity,,,"2,139,167.00",153.06,United States,NYSE,USD,1.0,USD,-,0.28,0.28,IJH,S&P Mid-Cap 400
RRC,RANGE RESOURCES CORP,EQUITY,Energy,Equity,,,"8,006,717.00",40.86,United States,NYSE,USD,1.0,USD,-,0.28,0.28,IJH,S&P Mid-Cap 400
SSB,SOUTHSTATE BANK CORP,EQUITY,Financials,Equity,,,"3,352,701.00",97.36,United States,NYSE,USD,1.0,USD,-,0.28,0.28,IJH,S&P Mid-Cap 400
DOCU,DOCUSIGN INC,EQUITY,Information Technology,Equity,,,"6,767,767.00",48.19,United States,NASDAQ,USD,1.0,USD,-,0.28,0.28,IJH,S&P Mid-Cap 400
MEDP,MEDPACE HOLDINGS INC,EQUITY,Health Care,Equity,,,"757,705.00",428.71,United States,NASDAQ,USD,1.0,USD,-,0.28,0.28,IJH,S&P Mid-Cap 400
CNH,CNH INDUSTRIAL N.V. NV,EQUITY,Industrials,Equity,,,"29,904,817.00",10.84,United States,NYSE,USD,1.0,USD,-,0.28,0.28,IJH,S&P Mid-Cap 400
R,RYDER SYSTEM INC,EQUITY,Industrials,Equity,,,"1,332,405.00",241.82,United States,NYSE,USD,1.0,USD,-,0.28,0.27,IJH,S&P Mid-Cap 400
GMED,GLOBUS MEDICAL INC CLASS A,EQUITY,Health Care,Equity,,,"3,764,735.00",85.07,United States,NYSE,USD,1.0,USD,-,0.27,0.27,IJH,S&P Mid-Cap 400
CNM,CORE & MAIN INC CLASS A,EQUITY,Industrials,Equity,,,"6,383,778.00",49.66,United States,NYSE,USD,1.0,USD,-,0.27,0.27,IJH,S&P Mid-Cap 400
UMBF,UMB FINANCIAL CORP,EQUITY,Financials,Equity,,,"2,412,969.00",131.17,United States,NASDAQ,USD,1.0,USD,-,0.27,0.27,IJH,S&P Mid-Cap 400
GTLS,CHART INDUSTRIES INC,EQUITY,Industrials,Equity,,,"1,520,389.00",207.39,United States,NYSE,USD,1.0,USD,-,0.27,0.27,IJH,S&P Mid-Cap 400
MP,MP MATERIALS CORP CLASS A,EQUITY,Materials,Equity,,,"4,554,289.00",69.13,United States,NYSE,USD,1.0,USD,-,0.27,0.27,IJH,S&P Mid-Cap 400
TTC,TORO,EQUITY,Industrials,Equity,,,"3,294,250.00",95.38,United States,NYSE,USD,1.0,USD,-,0.27,0.27,IJH,S&P Mid-Cap 400
BAH,BOOZ ALLEN HAMILTON HOLDING CORP C,EQUITY,Industrials,Equity,,,"4,075,170.00",76.85,United States,NYSE,USD,1.0,USD,-,0.27,0.27,IJH,S&P Mid-Cap 400
ZION,ZIONS BANCORPORATION,EQUITY,Financials,Equity,,,"4,985,548.00",62.73,United States,NASDAQ,USD,1.0,USD,-,0.27,0.27,IJH,S&P Mid-Cap 400
BRX,BRIXMOR PROPERTY GROUP REIT INC,EQUITY,Real Estate,Equity,,,"10,360,592.00",30.09,United States,NYSE,USD,1.0,USD,-,0.27,0.27,IJH,S&P Mid-Cap 400
CUBE,CUBESMART REIT,EQUITY,Real Estate,Equity,,,"7,705,947.00",40.25,United States,NYSE,USD,1.0,USD,-,0.26,0.26,IJH,S&P Mid-Cap 400
ADC,AGREE REALTY REIT CORP,EQUITY,Real Estate,Equity,,,"4,049,492.00",76.33,United States,NYSE,USD,1.0,USD,-,0.26,0.26,IJH,S&P Mid-Cap 400
AFG,AMERICAN FINANCIAL GROUP INC,EQUITY,Financials,Equity,,,"2,339,403.00",131.7,United States,NYSE,USD,1.0,USD,-,0.26,0.26,IJH,S&P Mid-Cap 400
FLS,FLOWSERVE CORP,EQUITY,Industrials,Equity,,,"4,295,682.00",71.54,United States,NYSE,USD,1.0,USD,-,0.26,0.26,IJH,S&P Mid-Cap 400
CYTK,CYTOKINETICS INC,EQUITY,Health Care,Equity,,,"4,131,643.00",74.29,United States,NASDAQ,USD,1.0,USD,-,0.26,0.26,IJH,S&P Mid-Cap 400
AYI,ACUITY INC,EQUITY,Industrials,Equity,,,"1,030,264.00",295.42,United States,NYSE,USD,1.0,USD,-,0.26,0.26,IJH,S&P Mid-Cap 400
MOGA,MOOG INC CLASS A,EQUITY,Industrials,Equity,,,"961,546.00",316.29,United States,NYSE,USD,1.0,USD,-,0.26,0.26,IJH,S&P Mid-Cap 400
ORI,OLD REPUBLIC INTERNATIONAL CORP,EQUITY,Financials,Equity,,,"7,693,067.00",39.48,United States,NYSE,USD,1.0,USD,-,0.26,0.26,IJH,S&P Mid-Cap 400
CR,CRANE,EQUITY,Industrials,Equity,,,"1,655,899.00",181.75,United States,NYSE,USD,1.0,USD,-,0.26,0.26,IJH,S&P Mid-Cap 400
CTRE,CARETRUST REIT INC,EQUITY,Real Estate,Equity,,,"7,549,391.00",39.5,United States,NYSE,USD,1.0,USD,-,0.25,0.25,IJH,S&P Mid-Cap 400
AHR,AMERICAN HEALTHCARE REIT INC,EQUITY,Real Estate,Equity,,,"5,995,245.00",49.6,United States,NYSE,USD,1.0,USD,-,0.25,0.25,IJH,S&P Mid-Cap 400
CRUS,CIRRUS LOGIC INC,EQUITY,Information Technology,Equity,,,"1,725,237.00",171.68,United States,NASDAQ,USD,1.0,USD,-,0.25,0.25,IJH,S&P Mid-Cap 400
CFR,CULLEN FROST BANKERS INC,EQUITY,Financials,Equity,,,"2,137,527.00",138.56,United States,NYSE,USD,1.0,USD,-,0.25,0.25,IJH,S&P Mid-Cap 400
AAON,AAON INC,EQUITY,Industrials,Equity,,,"2,288,054.00",129.25,United States,NASDAQ,USD,1.0,USD,-,0.25,0.25,IJH,S&P Mid-Cap 400
COLB,COLUMBIA BANKING SYSTEM INC,EQUITY,Financials,Equity,,,"9,983,175.00",29.56,United States,NASDAQ,USD,1.0,USD,-,0.25,0.25,IJH,S&P Mid-Cap 400
VNOM,VIPER ENERGY INC CLASS A,EQUITY,Energy,Equity,,,"6,279,347.00",46.98,United States,NASDAQ,USD,1.0,USD,-,0.25,0.25,IJH,S&P Mid-Cap 400
PRI,PRIMERICA INC,EQUITY,Financials,Equity,,,"1,078,544.00",273.26,United States,NYSE,USD,1.0,USD,-,0.25,0.25,IJH,S&P Mid-Cap 400
AAL,AMERICAN AIRLINES GROUP INC,EQUITY,Industrials,Equity,,,"22,326,166.00",13.18,United States,NASDAQ,USD,1.0,USD,-,0.25,0.25,IJH,S&P Mid-Cap 400
FCFS,FIRSTCASH HOLDINGS INC,EQUITY,Financials,Equity,,,"1,308,026.00",224.89,United States,NASDAQ,USD,1.0,USD,-,0.25,0.25,IJH,S&P Mid-Cap 400
MANH,MANHATTAN ASSOCIATES INC,EQUITY,Information Technology,Equity,,,"2,023,564.00",143.66,United States,NASDAQ,USD,1.0,USD,-,0.25,0.25,IJH,S&P Mid-Cap 400
JEF,JEFFERIES FINANCIAL GROUP INC,EQUITY,Financials,Equity,,,"5,590,961.00",51.46,United States,NYSE,USD,1.0,USD,-,0.25,0.25,IJH,S&P Mid-Cap 400
NNN,NNN REIT INC,EQUITY,Real Estate,Equity,,,"6,418,607.00",44.51,United States,NYSE,USD,1.0,USD,-,0.24,0.24,IJH,S&P Mid-Cap 400
WAL,WESTERN ALLIANCE,EQUITY,Financials,Equity,,,"3,470,341.00",82.31,United States,NYSE,USD,1.0,USD,-,0.24,0.24,IJH,S&P Mid-Cap 400
CAVA,CAVA GROUP INC,EQUITY,Consumer Discretionary,Equity,,,"3,370,792.00",84.47,United States,NYSE,USD,1.0,USD,-,0.24,0.24,IJH,S&P Mid-Cap 400
ONB,OLD NATIONAL BANCORP,EQUITY,Financials,Equity,,,"11,719,197.00",24.18,United States,NASDAQ,USD,1.0,USD,-,0.24,0.24,IJH,S&P Mid-Cap 400
AMG,AFFILIATED MANAGERS GROUP INC,EQUITY,Financials,Equity,,,"950,609.00",297.76,United States,NYSE,USD,1.0,USD,-,0.24,0.24,IJH,S&P Mid-Cap 400
SEIC,SEI INVESTMENTS,EQUITY,Financials,Equity,,,"3,141,074.00",89.89,United States,NASDAQ,USD,1.0,USD,-,0.24,0.24,IJH,S&P Mid-Cap 400
HLI,HOULIHAN LOKEY INC CLASS A,EQUITY,Financials,Equity,,,"1,836,851.00",153.5,United States,NYSE,USD,1.0,USD,-,0.24,0.24,IJH,S&P Mid-Cap 400
ALV,AUTOLIV INC,EQUITY,Consumer Discretionary,Equity,,,"2,323,861.00",121.01,United States,NYSE,USD,1.0,USD,-,0.24,0.24,IJH,S&P Mid-Cap 400
REXR,REXFORD INDUSTRIAL REALTY REIT INC,EQUITY,Real Estate,Equity,,,"7,779,871.00",36.09,United States,NYSE,USD,1.0,USD,-,0.24,0.24,IJH,S&P Mid-Cap 400
FR,FIRST INDUSTRIAL REALTY TRUST INC,EQUITY,Real Estate,Equity,,,"4,478,394.00",62.42,United States,NYSE,USD,1.0,USD,-,0.24,0.24,IJH,S&P Mid-Cap 400
FLR,FLUOR CORP,EQUITY,Industrials,Equity,,,"5,446,735.00",51.08,United States,NYSE,USD,1.0,USD,-,0.24,0.24,IJH,S&P Mid-Cap 400
AMKR,AMKOR TECHNOLOGY INC,EQUITY,Information Technology,Equity,,,"3,846,514.00",72.27,United States,NASDAQ,USD,1.0,USD,-,0.24,0.24,IJH,S&P Mid-Cap 400
ENS,ENERSYS,EQUITY,Industrials,Equity,,,"1,245,971.00",222.95,United States,NYSE,USD,1.0,USD,-,0.24,0.24,IJH,S&P Mid-Cap 400
MASI,MASIMO CORP,EQUITY,Health Care,Equity,,,"1,542,993.00",178.5,United States,NASDAQ,USD,1.0,USD,-,0.24,0.23,IJH,S&P Mid-Cap 400
WTS,WATTS WATER TECHNOLOGIES INC CLASS,EQUITY,Industrials,Equity,,,"926,839.00",294.14,United States,NYSE,USD,1.0,USD,-,0.23,0.23,IJH,S&P Mid-Cap 400
ATR,APTARGROUP INC,EQUITY,Materials,Equity,,,"2,175,522.00",125.11,United States,NYSE,USD,1.0,USD,-,0.23,0.23,IJH,S&P Mid-Cap 400
TTEK,TETRA TECH INC,EQUITY,Industrials,Equity,,,"8,813,415.00",30.69,United States,NASDAQ,USD,1.0,USD,-,0.23,0.23,IJH,S&P Mid-Cap 400
SSD,SIMPSON MANUFACTURING INC,EQUITY,Industrials,Equity,,,"1,401,857.00",192.61,United States,NYSE,USD,1.0,USD,-,0.23,0.23,IJH,S&P Mid-Cap 400
SFM,SPROUTS FARMERS MARKET INC,EQUITY,Consumer Staples,Equity,,,"3,292,265.00",81.01,United States,NASDAQ,USD,1.0,USD,-,0.23,0.23,IJH,S&P Mid-Cap 400
CHRD,CHORD ENERGY CORP,EQUITY,Energy,Equity,,,"1,922,727.00",137.75,United States,NASDAQ,USD,1.0,USD,-,0.23,0.23,IJH,S&P Mid-Cap 400
CMC,COMMERCIAL METALS,EQUITY,Materials,Equity,,,"3,750,040.00",70.52,United States,NYSE,USD,1.0,USD,-,0.23,0.23,IJH,S&P Mid-Cap 400
IDA,IDACORP INC,EQUITY,Utilities,Equity,,,"1,828,028.00",143.17,United States,NYSE,USD,1.0,USD,-,0.22,0.22,IJH,S&P Mid-Cap 400
KEX,KIRBY CORP,EQUITY,Industrials,Equity,,,"1,832,599.00",142.22,United States,NYSE,USD,1.0,USD,-,0.22,0.22,IJH,S&P Mid-Cap 400
ULS,UL SOLUTIONS INC CLASS A,EQUITY,Industrials,Equity,,,"2,612,214.00",99.41,United States,NYSE,USD,1.0,USD,-,0.22,0.22,IJH,S&P Mid-Cap 400
HALO,HALOZYME THERAPEUTICS INC,EQUITY,Health Care,Equity,,,"3,976,250.00",65.19,United States,NASDAQ,USD,1.0,USD,-,0.22,0.22,IJH,S&P Mid-Cap 400
NFG,NATIONAL FUEL GAS,EQUITY,Utilities,Equity,,,"3,213,993.00",80.22,United States,NYSE,USD,1.0,USD,-,0.22,0.22,IJH,S&P Mid-Cap 400
VOYA,VOYA FINANCIAL INC,EQUITY,Financials,Equity,,,"3,186,729.00",79.69,United States,NYSE,USD,1.0,USD,-,0.22,0.22,IJH,S&P Mid-Cap 400
ORA,ORMAT TECH INC,EQUITY,Utilities,Equity,,,"2,055,196.00",122.52,United States,NYSE,USD,1.0,USD,-,0.22,0.21,IJH,S&P Mid-Cap 400
STAG,STAG INDUSTRIAL REIT INC,EQUITY,Real Estate,Equity,,,"6,459,292.00",38.67,United States,NYSE,USD,1.0,USD,-,0.21,0.21,IJH,S&P Mid-Cap 400
TKR,TIMKEN,EQUITY,Industrials,Equity,,,"2,143,215.00",116.34,United States,NYSE,USD,1.0,USD,-,0.21,0.21,IJH,S&P Mid-Cap 400
WFRD,WEATHERFORD INTERNATIONAL PLC,EQUITY,Energy,Equity,,,"2,424,896.00",102.3,United States,NASDAQ,USD,1.0,USD,-,0.21,0.21,IJH,S&P Mid-Cap 400
MIDD,MIDDLEBY CORP,EQUITY,Industrials,Equity,,,"1,566,921.00",158.23,United States,NASDAQ,USD,1.0,USD,-,0.21,0.21,IJH,S&P Mid-Cap 400
HXL,HEXCEL CORP,EQUITY,Industrials,Equity,,,"2,565,327.00",95.77,United States,NYSE,USD,1.0,USD,-,0.21,0.21,IJH,S&P Mid-Cap 400
CBSH,COMMERCE BANCSHARES INC,EQUITY,Financials,Equity,,,"4,633,601.00",52.48,United States,NASDAQ,USD,1.0,USD,-,0.21,0.21,IJH,S&P Mid-Cap 400
HQY,HEALTHEQUITY INC,EQUITY,Health Care,Equity,,,"2,888,808.00",83.99,United States,NASDAQ,USD,1.0,USD,-,0.21,0.21,IJH,S&P Mid-Cap 400
SLAB,SILICON LABORATORIES INC,EQUITY,Information Technology,Equity,,,"1,114,322.00",217.64,United States,NASDAQ,USD,1.0,USD,-,0.21,0.21,IJH,S&P Mid-Cap 400
IDCC,INTERDIGITAL INC,EQUITY,Information Technology,Equity,,,"868,757.00",278.77,United States,NASDAQ,USD,1.0,USD,-,0.21,0.21,IJH,S&P Mid-Cap 400
TEX,TEREX CORP,EQUITY,Industrials,Equity,,,"3,844,435.00",62.82,United States,NYSE,USD,1.0,USD,-,0.21,0.21,IJH,S&P Mid-Cap 400
FAF,FIRST AMERICAN FINANCIAL CORP,EQUITY,Financials,Equity,,,"3,445,356.00",69.82,United States,NYSE,USD,1.0,USD,-,0.21,0.21,IJH,S&P Mid-Cap 400
AGCO,AGCO CORP,EQUITY,Industrials,Equity,,,"2,031,854.00",117.71,United States,NYSE,USD,1.0,USD,-,0.20,0.20,IJH,S&P Mid-Cap 400
LAD,LITHIA MOTORS INC CLASS A,EQUITY,Consumer Discretionary,Equity,,,"819,997.00",291.1,United States,NYSE,USD,1.0,USD,-,0.20,0.20,IJH,S&P Mid-Cap 400
H,HYATT HOTELS CORP CLASS A,EQUITY,Consumer Discretionary,Equity,,,"1,397,642.00",170.47,United States,NYSE,USD,1.0,USD,-,0.20,0.20,IJH,S&P Mid-Cap 400
AM,ANTERO MIDSTREAM CORP,EQUITY,Energy,Equity,,,"11,197,115.00",21.24,United States,NYSE,USD,1.0,USD,-,0.20,0.20,IJH,S&P Mid-Cap 400
PB,PROSPERITY BANCSHARES INC,EQUITY,Financials,Equity,,,"3,416,469.00",69.42,United States,NYSE,USD,1.0,USD,-,0.20,0.20,IJH,S&P Mid-Cap 400
CRBG,COREBRIDGE FINANCIAL INC,EQUITY,Financials,Equity,,,"8,627,158.00",27.45,United States,NYSE,USD,1.0,USD,-,0.20,0.20,IJH,S&P Mid-Cap 400
CART,MAPLEBEAR INC,EQUITY,Consumer Staples,Equity,,,"6,213,731.00",37.99,United States,NASDAQ,USD,1.0,USD,-,0.20,0.20,IJH,S&P Mid-Cap 400
HR,HEALTHCARE REALTY TRUST INC CLASS,EQUITY,Real Estate,Equity,,,"11,795,293.00",19.99,United States,NYSE,USD,1.0,USD,-,0.20,0.20,IJH,S&P Mid-Cap 400
NOV,NOV INC,EQUITY,Energy,Equity,,,"12,186,056.00",19.3,United States,NYSE,USD,1.0,USD,-,0.20,0.20,IJH,S&P Mid-Cap 400
UGI,UGI CORP,EQUITY,Utilities,Equity,,,"7,253,158.00",32.32,United States,NYSE,USD,1.0,USD,-,0.20,0.20,IJH,S&P Mid-Cap 400
LEA,LEAR CORP,EQUITY,Consumer Discretionary,Equity,,,"1,715,169.00",135.29,United States,NYSE,USD,1.0,USD,-,0.20,0.20,IJH,S&P Mid-Cap 400
KNSL,KINSALE CAPITAL GROUP INC,EQUITY,Financials,Equity,,,"746,708.00",308.83,United States,NYSE,USD,1.0,USD,-,0.20,0.20,IJH,S&P Mid-Cap 400
BROS,DUTCH BROS INC CLASS A,EQUITY,Consumer Discretionary,Equity,,,"4,295,216.00",53.54,United States,NYSE,USD,1.0,USD,-,0.20,0.20,IJH,S&P Mid-Cap 400
INGR,INGREDION INC,EQUITY,Consumer Staples,Equity,,,"2,130,169.00",107.36,United States,NYSE,USD,1.0,USD,-,0.20,0.20,IJH,S&P Mid-Cap 400
RGEN,REPLIGEN CORP,EQUITY,Health Care,Equity,,,"1,789,090.00",126.43,United States,NASDAQ,USD,1.0,USD,-,0.19,0.19,IJH,S&P Mid-Cap 400
EXP,EAGLE MATERIALS INC,EQUITY,Materials,Equity,,,"1,062,767.00",211.71,United States,NYSE,USD,1.0,USD,-,0.19,0.19,IJH,S&P Mid-Cap 400
AVT,AVNET INC,EQUITY,Information Technology,Equity,,,"2,767,933.00",80.86,United States,NASDAQ,USD,1.0,USD,-,0.19,0.19,IJH,S&P Mid-Cap 400
THG,HANOVER INSURANCE GROUP INC,EQUITY,Financials,Equity,,,"1,196,942.00",186.3,United States,NYSE,USD,1.0,USD,-,0.19,0.19,IJH,S&P Mid-Cap 400
GATX,GATX CORP,EQUITY,Industrials,Equity,,,"1,207,078.00",183.02,United States,NYSE,USD,1.0,USD,-,0.19,0.19,IJH,S&P Mid-Cap 400
MTDR,MATADOR RESOURCES,EQUITY,Energy,Equity,,,"3,949,794.00",55.57,United States,NYSE,USD,1.0,USD,-,0.19,0.19,IJH,S&P Mid-Cap 400
ST,SENSATA TECHNOLOGIES HOLDING PLC,EQUITY,Industrials,Equity,,,"4,925,687.00",44.34,United States,NYSE,USD,1.0,USD,-,0.19,0.19,IJH,S&P Mid-Cap 400
VLY,VALLEY NATIONAL,EQUITY,Financials,Equity,,,"16,185,589.00",13.4,United States,NASDAQ,USD,1.0,USD,-,0.19,0.18,IJH,S&P Mid-Cap 400
FNB,FNB CORP,EQUITY,Financials,Equity,,,"12,081,154.00",17.92,United States,NYSE,USD,1.0,USD,-,0.18,0.18,IJH,S&P Mid-Cap 400
JHG,JANUS HENDERSON GROUP PLC,EQUITY,Financials,Equity,,,"4,167,743.00",51.68,United States,NYSE,USD,1.0,USD,-,0.18,0.18,IJH,S&P Mid-Cap 400
WH,WYNDHAM HOTELS RESORTS INC,EQUITY,Consumer Discretionary,Equity,,,"2,554,603.00",83.84,United States,NYSE,USD,1.0,USD,-,0.18,0.18,IJH,S&P Mid-Cap 400
STWD,STARWOOD PROPERTY TRUST REIT INC,EQUITY,Financials,Equity,,,"11,770,358.00",18.05,United States,NYSE,USD,1.0,USD,-,0.18,0.18,IJH,S&P Mid-Cap 400
GBCI,GLACIER BANCORP INC,EQUITY,Financials,Equity,,,"4,350,695.00",48.79,United States,NYSE,USD,1.0,USD,-,0.18,0.18,IJH,S&P Mid-Cap 400
MSA,MSA SAFETY INC,EQUITY,Industrials,Equity,,,"1,232,405.00",171.9,United States,NYSE,USD,1.0,USD,-,0.18,0.18,IJH,S&P Mid-Cap 400
VFC,VF CORP,EQUITY,Consumer Discretionary,Equity,,,"11,112,664.00",19.06,United States,NYSE,USD,1.0,USD,-,0.18,0.18,IJH,S&P Mid-Cap 400
LSTR,LANDSTAR SYSTEM INC,EQUITY,Industrials,Equity,,,"1,151,608.00",181.95,United States,NASDAQ,USD,1.0,USD,-,0.18,0.18,IJH,S&P Mid-Cap 400
AXTA,AXALTA COATING SYSTEMS LTD,EQUITY,Materials,Equity,,,"7,215,523.00",28.57,United States,NYSE,USD,1.0,USD,-,0.18,0.18,IJH,S&P Mid-Cap 400
CLF,CLEVELAND CLIFFS INC,EQUITY,Materials,Equity,,,"19,286,012.00",10.65,United States,NYSE,USD,1.0,USD,-,0.18,0.18,IJH,S&P Mid-Cap 400
UBSI,UNITED BANKSHARES INC,EQUITY,Financials,Equity,,,"4,720,284.00",43.41,United States,NASDAQ,USD,1.0,USD,-,0.17,0.17,IJH,S&P Mid-Cap 400
LNTH,LANTHEUS HOLDINGS INC,EQUITY,Health Care,Equity,,,"2,242,144.00",91.0,United States,NASDAQ,USD,1.0,USD,-,0.17,0.17,IJH,S&P Mid-Cap 400
CHE,CHEMED CORP,EQUITY,Health Care,Equity,,,"478,933.00",425.82,United States,NYSE,USD,1.0,USD,-,0.17,0.17,IJH,S&P Mid-Cap 400
ACI,ALBERTSONS COMPANY INC CLASS A,EQUITY,Consumer Staples,Equity,,,"12,511,089.00",16.18,United States,NYSE,USD,1.0,USD,-,0.17,0.17,IJH,S&P Mid-Cap 400
ALGM,ALLEGRO MICROSYSTEMS INC,EQUITY,Information Technology,Equity,,,"4,197,608.00",47.93,United States,NASDAQ,USD,1.0,USD,-,0.17,0.17,IJH,S&P Mid-Cap 400
GXO,GXO LOGISTICS INC,EQUITY,Industrials,Equity,,,"3,871,886.00",51.88,United States,NYSE,USD,1.0,USD,-,0.17,0.17,IJH,S&P Mid-Cap 400
VICR,VICOR CORP,EQUITY,Industrials,Equity,,,"768,205.00",261.34,United States,NASDAQ,USD,1.0,USD,-,0.17,0.17,IJH,S&P Mid-Cap 400
ESNT,ESSENT GROUP LTD,EQUITY,Financials,Equity,,,"3,246,345.00",61.58,United States,NYSE,USD,1.0,USD,-,0.17,0.17,IJH,S&P Mid-Cap 400
VAL,VALARIS LTD,EQUITY,Energy,Equity,,,"2,176,984.00",91.78,United States,NYSE,USD,1.0,USD,-,0.17,0.17,IJH,S&P Mid-Cap 400
CHDN,CHURCHILL DOWNS INC,EQUITY,Consumer Discretionary,Equity,,,"2,239,804.00",88.85,United States,NASDAQ,USD,1.0,USD,-,0.17,0.17,IJH,S&P Mid-Cap 400
MTG,MGIC INVESTMENT CORP,EQUITY,Financials,Equity,,,"7,439,617.00",26.58,United States,NYSE,USD,1.0,USD,-,0.17,0.17,IJH,S&P Mid-Cap 400
ESAB,ESAB CORP,EQUITY,Industrials,Equity,,,"1,929,615.00",102.39,United States,NYSE,USD,1.0,USD,-,0.17,0.17,IJH,S&P Mid-Cap 400
SWX,SOUTHWEST GAS HOLDINGS INC,EQUITY,Utilities,Equity,,,"2,172,164.00",90.76,United States,NYSE,USD,1.0,USD,-,0.17,0.17,IJH,S&P Mid-Cap 400
TMHC,TAYLOR MORRISON HOME CORP,EQUITY,Consumer Discretionary,Equity,,,"3,304,344.00",59.47,United States,NYSE,USD,1.0,USD,-,0.17,0.17,IJH,S&P Mid-Cap 400
TXNM,TXNM ENERGY INC,EQUITY,Utilities,Equity,,,"3,314,511.00",59.24,United States,NYSE,USD,1.0,USD,-,0.17,0.17,IJH,S&P Mid-Cap 400
KRG,KITE REALTY GROUP TRUST REIT,EQUITY,Real Estate,Equity,,,"7,320,489.00",26.72,United States,NYSE,USD,1.0,USD,-,0.17,0.17,IJH,S&P Mid-Cap 400
BKH,BLACK HILLS CORP,EQUITY,Utilities,Equity,,,"2,551,927.00",75.22,United States,NYSE,USD,1.0,USD,-,0.16,0.16,IJH,S&P Mid-Cap 400
RYN,RAYONIER REIT INC,EQUITY,Real Estate,Equity,,,"9,404,502.00",20.41,United States,NYSE,USD,1.0,USD,-,0.16,0.16,IJH,S&P Mid-Cap 400
AVTR,AVANTOR INC,EQUITY,Health Care,Equity,,,"23,061,737.00",8.31,United States,NYSE,USD,1.0,USD,-,0.16,0.16,IJH,S&P Mid-Cap 400
CHWY,CHEWY INC CLASS A,EQUITY,Consumer Discretionary,Equity,,,"8,064,842.00",23.67,United States,NYSE,USD,1.0,USD,-,0.16,0.16,IJH,S&P Mid-Cap 400
HWC,HANCOCK WHITNEY CORP,EQUITY,Financials,Equity,,,"2,781,282.00",68.11,United States,NASDAQ,USD,1.0,USD,-,0.16,0.16,IJH,S&P Mid-Cap 400
NJR,NEW JERSEY RESOURCES CORP,EQUITY,Utilities,Equity,,,"3,409,779.00",55.53,United States,NYSE,USD,1.0,USD,-,0.16,0.16,IJH,S&P Mid-Cap 400
FND,FLOOR DECOR HOLDINGS INC CLASS A,EQUITY,Consumer Discretionary,Equity,,,"3,643,498.00",51.52,United States,NYSE,USD,1.0,USD,-,0.16,0.16,IJH,S&P Mid-Cap 400
NXST,NEXSTAR MEDIA GROUP INC,EQUITY,Communication,Equity,,,"963,837.00",194.52,United States,NASDAQ,USD,1.0,USD,-,0.16,0.16,IJH,S&P Mid-Cap 400
CELH,CELSIUS HOLDINGS INC,EQUITY,Consumer Staples,Equity,,,"5,404,075.00",34.26,United States,NASDAQ,USD,1.0,USD,-,0.16,0.16,IJH,S&P Mid-Cap 400
POR,PORTLAND GENERAL ELECTRIC,EQUITY,Utilities,Equity,,,"3,803,467.00",48.62,United States,NYSE,USD,1.0,USD,-,0.16,0.16,IJH,S&P Mid-Cap 400
G,GENPACT LTD,EQUITY,Industrials,Equity,,,"5,356,448.00",34.48,United States,NYSE,USD,1.0,USD,-,0.16,0.16,IJH,S&P Mid-Cap 400
GAP,GAP INC,EQUITY,Consumer Discretionary,Equity,,,"7,671,034.00",23.9,United States,NYSE,USD,1.0,USD,-,0.16,0.16,IJH,S&P Mid-Cap 400
AVAV,AEROVIRONMENT INC,EQUITY,Industrials,Equity,,,"1,075,616.00",168.18,United States,NASDAQ,USD,1.0,USD,-,0.15,0.15,IJH,S&P Mid-Cap 400
AN,AUTONATION INC,EQUITY,Consumer Discretionary,Equity,,,"880,226.00",205.29,United States,NYSE,USD,1.0,USD,-,0.15,0.15,IJH,S&P Mid-Cap 400
HIMS,HIMS HERS HEALTH INC CLASS A,EQUITY,Health Care,Equity,,,"7,043,341.00",25.65,United States,NYSE,USD,1.0,USD,-,0.15,0.15,IJH,S&P Mid-Cap 400
NEU,NEWMARKET CORP,EQUITY,Materials,Equity,,,"263,714.00",679.14,United States,NYSE,USD,1.0,USD,-,0.15,0.15,IJH,S&P Mid-Cap 400
BC,BRUNSWICK CORP,EQUITY,Consumer Discretionary,Equity,,,"2,198,987.00",80.77,United States,NYSE,USD,1.0,USD,-,0.15,0.15,IJH,S&P Mid-Cap 400
CROX,CROCS INC,EQUITY,Consumer Discretionary,Equity,,,"1,698,491.00",104.08,United States,NASDAQ,USD,1.0,USD,-,0.15,0.15,IJH,S&P Mid-Cap 400
SBRA,SABRA HEALTH CARE REIT INC,EQUITY,Real Estate,Equity,,,"8,525,560.00",20.58,United States,NASDAQ,USD,1.0,USD,-,0.15,0.15,IJH,S&P Mid-Cap 400
MUR,MURPHY OIL CORP,EQUITY,Energy,Equity,,,"4,536,719.00",38.27,United States,NYSE,USD,1.0,USD,-,0.15,0.15,IJH,S&P Mid-Cap 400
VNO,VORNADO REALTY TRUST REIT,EQUITY,Real Estate,Equity,,,"5,415,307.00",32.04,United States,NYSE,USD,1.0,USD,-,0.15,0.15,IJH,S&P Mid-Cap 400
OGS,ONE GAS INC,EQUITY,Utilities,Equity,,,"2,028,715.00",85.34,United States,NYSE,USD,1.0,USD,-,0.15,0.15,IJH,S&P Mid-Cap 400
CNX,CNX RESOURCES CORP,EQUITY,Energy,Equity,,,"4,813,777.00",35.92,United States,NYSE,USD,1.0,USD,-,0.15,0.15,IJH,S&P Mid-Cap 400
M,MACYS INC,EQUITY,Consumer Discretionary,Equity,,,"8,990,040.00",19.23,United States,NYSE,USD,1.0,USD,-,0.15,0.15,IJH,S&P Mid-Cap 400
SON,SONOCO PRODUCTS,EQUITY,Materials,Equity,,,"3,335,006.00",51.71,United States,NYSE,USD,1.0,USD,-,0.15,0.15,IJH,S&P Mid-Cap 400
SIGI,SELECTIVE INSURANCE GROUP INC,EQUITY,Financials,Equity,,,"2,031,492.00",84.69,United States,NASDAQ,USD,1.0,USD,-,0.15,0.15,IJH,S&P Mid-Cap 400
SR,SPIRE INC,EQUITY,Utilities,Equity,,,"1,998,154.00",85.52,United States,NYSE,USD,1.0,USD,-,0.15,0.15,IJH,S&P Mid-Cap 400
GNTX,GENTEX CORP,EQUITY,Consumer Discretionary,Equity,,,"7,402,905.00",23.08,United States,NASDAQ,USD,1.0,USD,-,0.15,0.15,IJH,S&P Mid-Cap 400
KNF,KNIFE RIVER CORP,EQUITY,Materials,Equity,,,"1,915,902.00",88.73,United States,NYSE,USD,1.0,USD,-,0.15,0.14,IJH,S&P Mid-Cap 400
OLLI,OLLIES BARGAIN OUTLET HOLDINGS INC,EQUITY,Consumer Discretionary,Equity,,,"2,073,829.00",81.77,United States,NASDAQ,USD,1.0,USD,-,0.14,0.14,IJH,S&P Mid-Cap 400
BSY,BENTLEY SYSTEMS INC CLASS B,EQUITY,Information Technology,Equity,,,"5,035,594.00",33.62,United States,NASDAQ,USD,1.0,USD,-,0.14,0.14,IJH,S&P Mid-Cap 400
WEX,WEX INC,EQUITY,Financials,Equity,,,"1,159,302.00",144.26,United States,NYSE,USD,1.0,USD,-,0.14,0.14,IJH,S&P Mid-Cap 400
SARO,STANDARDAERO,EQUITY,Industrials,Equity,,,"6,412,610.00",26.03,United States,NYSE,USD,1.0,USD,-,0.14,0.14,IJH,S&P Mid-Cap 400
BYD,BOYD GAMING CORP,EQUITY,Consumer Discretionary,Equity,,,"1,954,636.00",85.24,United States,NYSE,USD,1.0,USD,-,0.14,0.14,IJH,S&P Mid-Cap 400
EXLS,EXLSERVICE HOLDINGS INC,EQUITY,Industrials,Equity,,,"5,313,537.00",31.34,United States,NASDAQ,USD,1.0,USD,-,0.14,0.14,IJH,S&P Mid-Cap 400
HOMB,HOME BANCSHARES INC,EQUITY,Financials,Equity,,,"6,185,584.00",26.84,United States,NYSE,USD,1.0,USD,-,0.14,0.14,IJH,S&P Mid-Cap 400
OZK,BANK OZK,EQUITY,Financials,Equity,,,"3,427,536.00",48.33,United States,NASDAQ,USD,1.0,USD,-,0.14,0.14,IJH,S&P Mid-Cap 400
FCN,FTI CONSULTING INC,EQUITY,Industrials,Equity,,,"1,023,339.00",161.85,United States,NYSE,USD,1.0,USD,-,0.14,0.14,IJH,S&P Mid-Cap 400
UFPI,UFP INDUSTRIES INC,EQUITY,Industrials,Equity,,,"1,969,767.00",83.86,United States,NASDAQ,USD,1.0,USD,-,0.14,0.14,IJH,S&P Mid-Cap 400
NOVT,NOVANTA INC,EQUITY,Information Technology,Equity,,,"1,209,687.00",136.28,United States,NASDAQ,USD,1.0,USD,-,0.14,0.14,IJH,S&P Mid-Cap 400
BRKR,BRUKER CORP,EQUITY,Health Care,Equity,,,"3,744,372.00",43.73,United States,NASDAQ,USD,1.0,USD,-,0.14,0.14,IJH,S&P Mid-Cap 400
LPX,LOUISIANA PACIFIC CORP,EQUITY,Materials,Equity,,,"2,142,819.00",75.49,United States,NYSE,USD,1.0,USD,-,0.14,0.14,IJH,S&P Mid-Cap 400
MSM,MSC INDUSTRIAL INC CLASS A,EQUITY,Industrials,Equity,,,"1,547,321.00",104.31,United States,NYSE,USD,1.0,USD,-,0.14,0.14,IJH,S&P Mid-Cap 400
PCTY,PAYLOCITY HOLDING CORP,EQUITY,Industrials,Equity,,,"1,475,605.00",109.12,United States,NASDAQ,USD,1.0,USD,-,0.14,0.14,IJH,S&P Mid-Cap 400
FBIN,FORTUNE BRANDS INNOVATIONS INC,EQUITY,Industrials,Equity,,,"4,062,114.00",39.08,United States,NYSE,USD,1.0,USD,-,0.14,0.14,IJH,S&P Mid-Cap 400
BIO,BIO RAD LABORATORIES INC CLASS A,EQUITY,Health Care,Equity,,,"614,795.00",257.32,United States,NYSE,USD,1.0,USD,-,0.14,0.13,IJH,S&P Mid-Cap 400
PATH,UIPATH INC CLASS A,EQUITY,Information Technology,Equity,,,"14,455,600.00",10.93,United States,NYSE,USD,1.0,USD,-,0.13,0.13,IJH,S&P Mid-Cap 400
MAT,MATTEL INC,EQUITY,Consumer Discretionary,Equity,,,"10,491,908.00",15.0,United States,NASDAQ,USD,1.0,USD,-,0.13,0.13,IJH,S&P Mid-Cap 400
ASB,ASSOCIATED BANCORP,EQUITY,Financials,Equity,,,"5,522,952.00",28.47,United States,NYSE,USD,1.0,USD,-,0.13,0.13,IJH,S&P Mid-Cap 400
ALK,ALASKA AIR GROUP INC,EQUITY,Industrials,Equity,,,"3,870,102.00",40.59,United States,NYSE,USD,1.0,USD,-,0.13,0.13,IJH,S&P Mid-Cap 400
HRB,H&R BLOCK INC,EQUITY,Consumer Discretionary,Equity,,,"4,279,249.00",36.29,United States,NYSE,USD,1.0,USD,-,0.13,0.13,IJH,S&P Mid-Cap 400
VVV,VALVOLINE INC,EQUITY,Consumer Discretionary,Equity,,,"4,297,850.00",35.87,United States,NYSE,USD,1.0,USD,-,0.13,0.13,IJH,S&P Mid-Cap 400
RLI,RLI CORP,EQUITY,Financials,Equity,,,"3,105,214.00",49.62,United States,NYSE,USD,1.0,USD,-,0.13,0.13,IJH,S&P Mid-Cap 400
WMG,WARNER MUSIC GROUP CORP CLASS A,EQUITY,Communication,Equity,,,"4,961,228.00",31.04,United States,NASDAQ,USD,1.0,USD,-,0.13,0.13,IJH,S&P Mid-Cap 400
CVLT,COMMVAULT SYSTEMS INC,EQUITY,Information Technology,Equity,,,"1,487,152.00",103.38,United States,NASDAQ,USD,1.0,USD,-,0.13,0.13,IJH,S&P Mid-Cap 400
DUOL,DUOLINGO INC CLASS A,EQUITY,Consumer Discretionary,Equity,,,"1,353,061.00",113.61,United States,NASDAQ,USD,1.0,USD,-,0.13,0.13,IJH,S&P Mid-Cap 400
LOPE,GRAND CANYON EDUCATION INC,EQUITY,Consumer Discretionary,Equity,,,"934,264.00",164.48,United States,NASDAQ,USD,1.0,USD,-,0.13,0.13,IJH,S&P Mid-Cap 400
MTN,VAIL RESORTS INC,EQUITY,Consumer Discretionary,Equity,,,"1,207,721.00",125.26,United States,NYSE,USD,1.0,USD,-,0.13,0.13,IJH,S&P Mid-Cap 400
BCO,BRINKS,EQUITY,Industrials,Equity,,,"1,402,468.00",107.75,United States,NYSE,USD,1.0,USD,-,0.13,0.13,IJH,S&P Mid-Cap 400
NWE,NORTHWESTERN ENERGY GROUP INC,EQUITY,Utilities,Equity,,,"2,074,143.00",72.41,United States,NASDAQ,USD,1.0,USD,-,0.13,0.13,IJH,S&P Mid-Cap 400
TCBI,TEXAS CAPITAL BANCSHARES INC,EQUITY,Financials,Equity,,,"1,491,343.00",100.56,United States,NASDAQ,USD,1.0,USD,-,0.13,0.13,IJH,S&P Mid-Cap 400
BDC,BELDEN INC,EQUITY,Information Technology,Equity,,,"1,328,858.00",112.26,United States,NYSE,USD,1.0,USD,-,0.13,0.13,IJH,S&P Mid-Cap 400
CUZ,COUSINS PROPERTIES REIT INC,EQUITY,Real Estate,Equity,,,"5,670,592.00",26.25,United States,NYSE,USD,1.0,USD,-,0.13,0.13,IJH,S&P Mid-Cap 400
EPR,EPR PROPERTIES REIT,EQUITY,Real Estate,Equity,,,"2,570,360.00",57.88,United States,NYSE,USD,1.0,USD,-,0.13,0.13,IJH,S&P Mid-Cap 400
DBX,DROPBOX INC CLASS A,EQUITY,Information Technology,Equity,,,"5,888,071.00",25.13,United States,NASDAQ,USD,1.0,USD,-,0.13,0.13,IJH,S&P Mid-Cap 400
SLM,SLM CORP,EQUITY,Financials,Equity,,,"6,513,759.00",22.66,United States,NASDAQ,USD,1.0,USD,-,0.13,0.13,IJH,S&P Mid-Cap 400
POST,POST HOLDINGS INC,EQUITY,Consumer Staples,Equity,,,"1,427,205.00",102.99,United States,NYSE,USD,1.0,USD,-,0.13,0.13,IJH,S&P Mid-Cap 400
VNT,VONTIER CORP,EQUITY,Information Technology,Equity,,,"4,787,814.00",30.67,United States,NYSE,USD,1.0,USD,-,0.13,0.13,IJH,S&P Mid-Cap 400
CNO,CNO FINANCIAL GROUP INC,EQUITY,Financials,Equity,,,"3,190,008.00",45.9,United States,NYSE,USD,1.0,USD,-,0.13,0.12,IJH,S&P Mid-Cap 400
FLG,FLAGSTAR BANK NATIONAL ASSOCIATION,EQUITY,Financials,Equity,,,"10,110,681.00",14.29,United States,NYSE,USD,1.0,USD,-,0.12,0.12,IJH,S&P Mid-Cap 400
SAIC,SCIENCE APPLICATIONS INTERNATIONAL,EQUITY,Industrials,Equity,,,"1,526,109.00",94.12,United States,NASDAQ,USD,1.0,USD,-,0.12,0.12,IJH,S&P Mid-Cap 400
CBT,CABOT CORP,EQUITY,Materials,Equity,,,"1,762,770.00",81.28,United States,NYSE,USD,1.0,USD,-,0.12,0.12,IJH,S&P Mid-Cap 400
TNL,TRAVEL LEISURE,EQUITY,Consumer Discretionary,Equity,,,"2,171,382.00",65.91,United States,NYSE,USD,1.0,USD,-,0.12,0.12,IJH,S&P Mid-Cap 400
FFIN,FIRST FINANCIAL BANKSHARES INC,EQUITY,Financials,Equity,,,"4,399,333.00",32.39,United States,NASDAQ,USD,1.0,USD,-,0.12,0.12,IJH,S&P Mid-Cap 400
KBR,KBR INC,EQUITY,Industrials,Equity,,,"4,286,944.00",33.2,United States,NYSE,USD,1.0,USD,-,0.12,0.12,IJH,S&P Mid-Cap 400
TREX,TREX INC,EQUITY,Industrials,Equity,,,"3,620,721.00",39.19,United States,NYSE,USD,1.0,USD,-,0.12,0.12,IJH,S&P Mid-Cap 400
APPF,APPFOLIO INC CLASS A,EQUITY,Information Technology,Equity,,,"821,541.00",170.21,United States,NASDAQ,USD,1.0,USD,-,0.12,0.12,IJH,S&P Mid-Cap 400
OLED,UNIVERSAL DISPLAY CORP,EQUITY,Information Technology,Equity,,,"1,495,383.00",92.74,United States,NASDAQ,USD,1.0,USD,-,0.12,0.12,IJH,S&P Mid-Cap 400
SYNA,SYNAPTICS INC,EQUITY,Information Technology,Equity,,,"1,310,403.00",105.8,United States,NASDAQ,USD,1.0,USD,-,0.12,0.12,IJH,S&P Mid-Cap 400
MORN,MORNINGSTAR INC,EQUITY,Financials,Equity,,,"776,327.00",177.91,United States,NASDAQ,USD,1.0,USD,-,0.12,0.12,IJH,S&P Mid-Cap 400
THO,THOR INDUSTRIES INC,EQUITY,Consumer Discretionary,Equity,,,"1,783,697.00",76.94,United States,NYSE,USD,1.0,USD,-,0.12,0.12,IJH,S&P Mid-Cap 400
PVH,PVH CORP,EQUITY,Consumer Discretionary,Equity,,,"1,546,311.00",88.62,United States,NYSE,USD,1.0,USD,-,0.12,0.12,IJH,S&P Mid-Cap 400
FHI,FEDERATED HERMES INC CLASS B,EQUITY,Financials,Equity,,,"2,494,599.00",54.34,United States,NYSE,USD,1.0,USD,-,0.12,0.12,IJH,S&P Mid-Cap 400
NVST,ENVISTA HOLDINGS CORP,EQUITY,Health Care,Equity,,,"5,532,051.00",24.29,United States,NYSE,USD,1.0,USD,-,0.11,0.11,IJH,S&P Mid-Cap 400
IBOC,INTERNATIONAL BANCSHARES CORP,EQUITY,Financials,Equity,,,"1,825,589.00",73.26,United States,NASDAQ,USD,1.0,USD,-,0.11,0.11,IJH,S&P Mid-Cap 400
BBWI,BATH AND BODY WORKS INC,EQUITY,Consumer Discretionary,Equity,,,"6,910,849.00",19.3,United States,NYSE,USD,1.0,USD,-,0.11,0.11,IJH,S&P Mid-Cap 400
IRT,INDEPENDENCE REALTY INC,EQUITY,Real Estate,Equity,,,"7,995,419.00",16.37,United States,NYSE,USD,1.0,USD,-,0.11,0.11,IJH,S&P Mid-Cap 400
LIVN,LIVANOVA PLC,EQUITY,Health Care,Equity,,,"1,843,382.00",70.92,United States,NASDAQ,USD,1.0,USD,-,0.11,0.11,IJH,S&P Mid-Cap 400
GHC,GRAHAM HOLDINGS COMPANY CLASS B,EQUITY,Consumer Discretionary,Equity,,,"114,821.00",,United States,NYSE,USD,1.0,USD,-,0.11,0.11,IJH,S&P Mid-Cap 400
KRC,KILROY REALTY REIT CORP,EQUITY,Real Estate,Equity,,,"3,680,433.00",34.57,United States,NYSE,USD,1.0,USD,-,0.11,0.11,IJH,S&P Mid-Cap 400
WING,WINGSTOP INC,EQUITY,Consumer Discretionary,Equity,,,"939,499.00",134.88,United States,NASDAQ,USD,1.0,USD,-,0.11,0.11,IJH,S&P Mid-Cap 400
PLNT,PLANET FITNESS INC CLASS A,EQUITY,Consumer Discretionary,Equity,,,"2,805,788.00",44.01,United States,NYSE,USD,1.0,USD,-,0.11,0.11,IJH,S&P Mid-Cap 400
SHC,SOTERA HEALTH COMPANY,EQUITY,Health Care,Equity,,,"7,864,007.00",15.67,United States,NASDAQ,USD,1.0,USD,-,0.11,0.11,IJH,S&P Mid-Cap 400
ELF,ELF BEAUTY INC,EQUITY,Consumer Staples,Equity,,,"1,993,548.00",61.79,United States,NYSE,USD,1.0,USD,-,0.11,0.11,IJH,S&P Mid-Cap 400
MMS,MAXIMUS INC,EQUITY,Industrials,Equity,,,"1,845,375.00",66.66,United States,NYSE,USD,1.0,USD,-,0.11,0.10,IJH,S&P Mid-Cap 400
HLNE,HAMILTON LANE INC CLASS A,EQUITY,Financials,Equity,,,"1,379,342.00",88.96,United States,NASDAQ,USD,1.0,USD,-,0.10,0.10,IJH,S&P Mid-Cap 400
RYAN,RYAN SPECIALTY HOLDINGS INC CLASS,EQUITY,Financials,Equity,,,"3,850,065.00",31.71,United States,NYSE,USD,1.0,USD,-,0.10,0.10,IJH,S&P Mid-Cap 400
ANF,ABERCROMBIE AND FITCH CLASS A,EQUITY,Consumer Discretionary,Equity,,,"1,551,151.00",78.51,United States,NYSE,USD,1.0,USD,-,0.10,0.10,IJH,S&P Mid-Cap 400
CDP,COPT DEFENSE PROPERTIES,EQUITY,Real Estate,Equity,,,"3,813,624.00",31.82,United States,NYSE,USD,1.0,USD,-,0.10,0.10,IJH,S&P Mid-Cap 400
PII,POLARIS INC,EQUITY,Consumer Discretionary,Equity,,,"1,803,941.00",67.06,United States,NYSE,USD,1.0,USD,-,0.10,0.10,IJH,S&P Mid-Cap 400
SLGN,SILGAN HOLDINGS INC,EQUITY,Materials,Equity,,,"2,960,669.00",40.26,United States,NYSE,USD,1.0,USD,-,0.10,0.10,IJH,S&P Mid-Cap 400
BHF,BRIGHTHOUSE FINANCIAL INC,EQUITY,Financials,Equity,,,"1,930,484.00",61.68,United States,NASDAQ,USD,1.0,USD,-,0.10,0.10,IJH,S&P Mid-Cap 400
DLB,DOLBY LABORATORIES INC CLASS A,EQUITY,Information Technology,Equity,,,"2,055,442.00",57.47,United States,NYSE,USD,1.0,USD,-,0.10,0.10,IJH,S&P Mid-Cap 400
DOCS,DOXIMITY INC CLASS A,EQUITY,Health Care,Equity,,,"4,517,170.00",26.03,United States,NYSE,USD,1.0,USD,-,0.10,0.10,IJH,S&P Mid-Cap 400
QLYS,QUALYS INC,EQUITY,Information Technology,Equity,,,"1,213,464.00",94.97,United States,NASDAQ,USD,1.0,USD,-,0.10,0.10,IJH,S&P Mid-Cap 400
PBF,PBF ENERGY INC CLASS A,EQUITY,Energy,Equity,,,"2,802,465.00",40.59,United States,NYSE,USD,1.0,USD,-,0.10,0.10,IJH,S&P Mid-Cap 400
PEGA,PEGASYSTEMS INC,EQUITY,Information Technology,Equity,,,"3,081,556.00",36.73,United States,NASDAQ,USD,1.0,USD,-,0.10,0.10,IJH,S&P Mid-Cap 400
AVNT,AVIENT CORP,EQUITY,Materials,Equity,,,"3,090,932.00",36.52,United States,NYSE,USD,1.0,USD,-,0.10,0.10,IJH,S&P Mid-Cap 400
BILL,BILL HOLDINGS INC,EQUITY,Information Technology,Equity,,,"2,973,046.00",37.66,United States,NYSE,USD,1.0,USD,-,0.10,0.10,IJH,S&P Mid-Cap 400
OPCH,OPTION CARE HEALTH INC,EQUITY,Health Care,Equity,,,"5,358,315.00",20.75,United States,NASDAQ,USD,1.0,USD,-,0.09,0.09,IJH,S&P Mid-Cap 400
GPK,GRAPHIC PACKAGING HOLDING,EQUITY,Materials,Equity,,,"9,962,755.00",11.03,United States,NYSE,USD,1.0,USD,-,0.09,0.09,IJH,S&P Mid-Cap 400
WLK,WESTLAKE CORP,EQUITY,Materials,Equity,,,"1,125,736.00",97.38,United States,NYSE,USD,1.0,USD,-,0.09,0.09,IJH,S&P Mid-Cap 400
YETI,YETI HOLDINGS INC,EQUITY,Consumer Discretionary,Equity,,,"2,626,733.00",41.68,United States,NYSE,USD,1.0,USD,-,0.09,0.09,IJH,S&P Mid-Cap 400
FOUR,SHIFT4 PAYMENTS INC CLASS A,EQUITY,Financials,Equity,,,"2,282,891.00",46.85,United States,NYSE,USD,1.0,USD,-,0.09,0.09,IJH,S&P Mid-Cap 400
PAG,PENSKE AUTOMOTIVE GROUP VOTING INC,EQUITY,Consumer Discretionary,Equity,,,"622,630.00",171.61,United States,NYSE,USD,1.0,USD,-,0.09,0.09,IJH,S&P Mid-Cap 400
EXPO,EXPONENT INC,EQUITY,Industrials,Equity,,,"1,684,082.00",63.44,United States,NASDAQ,USD,1.0,USD,-,0.09,0.09,IJH,S&P Mid-Cap 400
KBH,KB HOME,EQUITY,Consumer Discretionary,Equity,,,"2,132,590.00",49.18,United States,NYSE,USD,1.0,USD,-,0.09,0.09,IJH,S&P Mid-Cap 400
NSA,NATIONAL STORAGE AFFILIATES TRUST,EQUITY,Real Estate,Equity,,,"2,389,368.00",43.33,United States,NYSE,USD,1.0,USD,-,0.09,0.09,IJH,S&P Mid-Cap 400
VC,VISTEON CORP,EQUITY,Consumer Discretionary,Equity,,,"921,122.00",112.35,United States,NASDAQ,USD,1.0,USD,-,0.09,0.09,IJH,S&P Mid-Cap 400
WHR,WHIRLPOOL CORP,EQUITY,Consumer Discretionary,Equity,,,"2,140,251.00",48.21,United States,NYSE,USD,1.0,USD,-,0.09,0.09,IJH,S&P Mid-Cap 400
OLN,OLIN CORP,EQUITY,Materials,Equity,,,"3,834,990.00",26.76,United States,NYSE,USD,1.0,USD,-,0.09,0.09,IJH,S&P Mid-Cap 400
HGV,HILTON GRAND VACATIONS INC,EQUITY,Consumer Discretionary,Equity,,,"2,021,538.00",48.62,United States,NYSE,USD,1.0,USD,-,0.08,0.08,IJH,S&P Mid-Cap 400
KD,KYNDRYL HOLDINGS INC,EQUITY,Information Technology,Equity,,,"7,715,896.00",12.64,United States,NYSE,USD,1.0,USD,-,0.08,0.08,IJH,S&P Mid-Cap 400
EEFT,EURONET WORLDWIDE INC,EQUITY,Financials,Equity,,,"1,322,644.00",71.58,United States,NASDAQ,USD,1.0,USD,-,0.08,0.08,IJH,S&P Mid-Cap 400
HOG,HARLEY DAVIDSON INC,EQUITY,Consumer Discretionary,Equity,,,"3,989,079.00",23.64,United States,NYSE,USD,1.0,USD,-,0.08,0.08,IJH,S&P Mid-Cap 400
SMG,SCOTTS MIRACLE GRO,EQUITY,Materials,Equity,,,"1,512,447.00",62.34,United States,NYSE,USD,1.0,USD,-,0.08,0.08,IJH,S&P Mid-Cap 400
PSN,PARSONS CORP,EQUITY,Industrials,Equity,,,"1,786,256.00",51.22,United States,NYSE,USD,1.0,USD,-,0.08,0.08,IJH,S&P Mid-Cap 400
CAR,AVIS BUDGET GROUP INC,EQUITY,Industrials,Equity,,,"570,988.00",154.06,United States,NASDAQ,USD,1.0,USD,-,0.08,0.08,IJH,S&P Mid-Cap 400
IPGP,IPG PHOTONICS CORP,EQUITY,Information Technology,Equity,,,"853,314.00",101.53,United States,NASDAQ,USD,1.0,USD,-,0.07,0.07,IJH,S&P Mid-Cap 400
HAE,HAEMONETICS CORP,EQUITY,Health Care,Equity,,,"1,568,659.00",54.37,United States,NYSE,USD,1.0,USD,-,0.07,0.07,IJH,S&P Mid-Cap 400
ASH,ASHLAND INC,EQUITY,Materials,Equity,,,"1,544,940.00",54.46,United States,NYSE,USD,1.0,USD,-,0.07,0.07,IJH,S&P Mid-Cap 400
MZTI,MARZETTI,EQUITY,Consumer Staples,Equity,,,"685,176.00",116.96,United States,NASDAQ,USD,1.0,USD,-,0.07,0.07,IJH,S&P Mid-Cap 400
PK,PARK HOTELS RESORTS INC,EQUITY,Real Estate,Equity,,,"6,748,037.00",11.19,United States,NYSE,USD,1.0,USD,-,0.06,0.06,IJH,S&P Mid-Cap 400
CPRI,CAPRI HOLDINGS LTD,EQUITY,Consumer Discretionary,Equity,,,"4,022,492.00",18.69,United States,NYSE,USD,1.0,USD,-,0.06,0.06,IJH,S&P Mid-Cap 400
CHH,CHOICE HOTELS INTERNATIONAL INC,EQUITY,Consumer Discretionary,Equity,,,"697,737.00",106.53,United States,NYSE,USD,1.0,USD,-,0.06,0.06,IJH,S&P Mid-Cap 400
XRAY,DENTSPLY SIRONA INC,EQUITY,Health Care,Equity,,,"6,736,461.00",10.96,United States,NASDAQ,USD,1.0,USD,-,0.06,0.06,IJH,S&P Mid-Cap 400
CXT,CRANE NXT,EQUITY,Information Technology,Equity,,,"1,666,933.00",43.88,United States,NYSE,USD,1.0,USD,-,0.06,0.06,IJH,S&P Mid-Cap 400
RH,RH,EQUITY,Consumer Discretionary,Equity,,,"520,918.00",133.65,United States,NYSE,USD,1.0,USD,-,0.06,0.06,IJH,S&P Mid-Cap 400
GT,GOODYEAR TIRE & RUBBER,EQUITY,Consumer Discretionary,Equity,,,"9,663,075.00",6.86,United States,NASDAQ,USD,1.0,USD,-,0.06,0.06,IJH,S&P Mid-Cap 400
EQH,EQUITABLE HOLDINGS INC,SWAP,Financials,Equity,0.0,,"1,516,658.00",42.85,United States,NYSE,USD,1.0,USD,-,-,0.06,IJH,S&P Mid-Cap 400
FLO,FLOWERS FOODS INC,EQUITY,Consumer Staples,Equity,,,"7,128,830.00",8.57,United States,NYSE,USD,1.0,USD,-,0.05,0.05,IJH,S&P Mid-Cap 400
GEF,GREIF INC CLASS A,EQUITY,Materials,Equity,,,"835,491.00",68.0,United States,NYSE,USD,1.0,USD,-,0.05,0.05,IJH,S&P Mid-Cap 400
COLM,COLUMBIA SPORTSWEAR,EQUITY,Consumer Discretionary,Equity,,,"859,279.00",63.32,United States,NASDAQ,USD,1.0,USD,-,0.05,0.05,IJH,S&P Mid-Cap 400
SAM,BOSTON BEER INC CLASS A,EQUITY,Consumer Staples,Equity,,,"259,621.00",203.01,United States,NYSE,USD,1.0,USD,-,0.05,0.04,IJH,S&P Mid-Cap 400
BLKB,BLACKBAUD INC,EQUITY,Information Technology,Equity,,,"1,208,356.00",37.81,United States,NASDAQ,USD,1.0,USD,-,0.04,0.04,IJH,S&P Mid-Cap 400
PPC,PILGRIMS PRIDE CORP,EQUITY,Consumer Staples,Equity,,,"1,449,978.00",30.4,United States,NASDAQ,USD,1.0,USD,-,0.04,0.04,IJH,S&P Mid-Cap 400
BRBR,BELLRING BRANDS INC,EQUITY,Consumer Staples,Equity,,,"3,958,625.00",10.46,United States,NYSE,USD,1.0,USD,-,0.04,0.04,IJH,S&P Mid-Cap 400
CNXC,CONCENTRIX CORP,EQUITY,Industrials,Equity,,,"1,476,233.00",25.46,United States,NASDAQ,USD,1.0,USD,-,0.03,0.03,IJH,S&P Mid-Cap 400
COTY,COTY INC CLASS A,EQUITY,Consumer Staples,Equity,,,"12,516,843.00",2.5,United States,NYSE,USD,1.0,USD,-,0.03,0.03,IJH,S&P Mid-Cap 400
SLM,SLM CORP,SWAP,Financials,Equity,0.0,,"212,300.00",22.66,United States,NASDAQ,USD,1.0,USD,-,-,-,IJH,S&P Mid-Cap 400
OZK,BANK OZK,SWAP,Financials,Equity,0.0,,"76,000.00",48.33,United States,NASDAQ,USD,1.0,USD,-,-,-,IJH,S&P Mid-Cap 400
