ticker,name,sector,asset_class,market_value,weight_pct,notional_value,quantity,price,location,exchange,currency,fx_rate,market_currency,accrual_date,etf,index
NVDA,NVIDIA CORP,Information Technology,Equity,,8.17,,"314,594,047.00",211.5,United States,NASDAQ,USD,1.0,USD,-,IVV,S&P 500
AAPL,APPLE INC,Information Technology,Equity,,6.7,,"190,065,857.00",287.44,United States,NASDAQ,USD,1.0,USD,-,IVV,S&P 500
MSFT,MICROSOFT CORP,Information Technology,Equity,,4.96,,"96,134,073.00",420.77,United States,NASDAQ,USD,1.0,USD,-,IVV,S&P 500
AMZN,AMAZON.COM INC,Consumer Discretionary,Equity,,4.21,,"126,469,106.00",271.17,United States,NASDAQ,USD,1.0,USD,-,IVV,S&P 500
GOOGL,ALPHABET INC CLASS A,Communication,Equity,,3.68,,"75,373,084.00",397.99,United States,NASDAQ,USD,1.0,USD,-,IVV,S&P 500
AVGO,BROADCOM INC,Information Technology,Equity,,3.11,,"61,381,798.00",412.56,United States,NASDAQ,USD,1.0,USD,-,IVV,S&P 500
GOOG,ALPHABET INC CLASS C,Communication,Equity,,2.94,,"60,545,520.00",395.3,United States,NASDAQ,USD,1.0,USD,-,IVV,S&P 500
META,META PLATFORMS INC CLASS A,Communication,Equity,,2.14,,"28,315,794.00",616.81,United States,NASDAQ,USD,1.0,USD,-,IVV,S&P 500
TSLA,TESLA INC,Consumer Discretionary,Equity,,1.84,,"36,410,585.00",411.79,United States,NASDAQ,USD,1.0,USD,-,IVV,S&P 500
BRKB,BERKSHIRE HATHAWAY INC CLASS B,Financials,Equity,,1.38,,"23,739,969.00",475.08,United States,NYSE,USD,1.0,USD,-,IVV,S&P 500
JPM,JPMORGAN CHASE & CO,Financials,Equity,,1.31,,"34,905,716.00",306.27,United States,NYSE,USD,1.0,USD,-,IVV,S&P 500
LLY,ELI LILLY,Health Care,Equity,,1.23,,"10,258,910.00",974.96,United States,NYSE,USD,1.0,USD,-,IVV,S&P 500
MU,MICRON TECHNOLOGY INC,Information Technology,Equity,,1.16,,"14,571,130.00",646.63,United States,NASDAQ,USD,1.0,USD,-,IVV,S&P 500
AMD,ADVANCED MICRO DEVICES INC,Information Technology,Equity,,1.06,,"21,107,750.00",408.46,United States,NASDAQ,USD,1.0,USD,-,IVV,S&P 500
XOM,EXXON MOBIL CORP,Energy,Equity,,0.97,,"54,102,386.00",146.58,United States,NYSE,USD,1.0,USD,-,IVV,S&P 500
WMT,WALMART INC,Consumer Staples,Equity,,0.91,,"56,751,131.00",130.2,United States,NASDAQ,USD,1.0,USD,-,IVV,S&P 500
V,VISA INC CLASS A,Financials,Equity,,0.86,,"21,763,851.00",321.28,United States,NYSE,USD,1.0,USD,-,IVV,S&P 500
JNJ,JOHNSON & JOHNSON,Health Care,Equity,,0.85,,"31,199,199.00",222.51,United States,NYSE,USD,1.0,USD,-,IVV,S&P 500
INTC,INTEL CORPORATION CORP,Information Technology,Equity,,0.82,,"60,786,592.00",109.62,United States,NASDAQ,USD,1.0,USD,-,IVV,S&P 500
COST,COSTCO WHOLESALE CORP,Consumer Staples,Equity,,0.71,,"5,746,436.00",,United States,NASDAQ,USD,1.0,USD,-,IVV,S&P 500
CAT,CATERPILLAR INC,Industrials,Equity,,0.66,,"6,023,757.00",895.69,United States,NYSE,USD,1.0,USD,-,IVV,S&P 500
MA,MASTERCARD INC CLASS A,Financials,Equity,,0.65,,"10,543,385.00",500.94,United States,NYSE,USD,1.0,USD,-,IVV,S&P 500
NFLX,NETFLIX INC,Communication,Equity,,0.59,,"54,661,239.00",88.25,United States,NASDAQ,USD,1.0,USD,-,IVV,S&P 500
CSCO,CISCO SYSTEMS INC,Information Technology,Equity,,0.58,,"51,151,870.00",92.16,United States,NASDAQ,USD,1.0,USD,-,IVV,S&P 500
ABBV,ABBVIE INC,Health Care,Equity,,0.57,,"22,881,056.00",202.71,United States,NYSE,USD,1.0,USD,-,IVV,S&P 500
LRCX,LAM RESEARCH CORP,Information Technology,Equity,,0.57,,"16,166,917.00",286.52,United States,NASDAQ,USD,1.0,USD,-,IVV,S&P 500
BAC,BANK OF AMERICA CORP,Financials,Equity,,0.56,,"85,904,447.00",52.75,United States,NYSE,USD,1.0,USD,-,IVV,S&P 500
CVX,CHEVRON CORP,Energy,Equity,,0.54,,"24,267,977.00",182.5,United States,NYSE,USD,1.0,USD,-,IVV,S&P 500
PG,PROCTER & GAMBLE,Consumer Staples,Equity,,0.54,,"30,087,154.00",146.06,United States,NYSE,USD,1.0,USD,-,IVV,S&P 500
UNH,UNITEDHEALTH GROUP INC,Health Care,Equity,,0.53,,"11,727,245.00",369.74,United States,NYSE,USD,1.0,USD,-,IVV,S&P 500
ORCL,ORACLE CORP,Information Technology,Equity,,0.52,,"21,953,165.00",194.59,United States,NYSE,USD,1.0,USD,-,IVV,S&P 500
AMAT,APPLIED MATERIAL INC,Information Technology,Equity,,0.52,,"10,275,693.00",410.64,United States,NASDAQ,USD,1.0,USD,-,IVV,S&P 500
HD,HOME DEPOT INC,Consumer Discretionary,Equity,,0.51,,"12,888,130.00",322.64,United States,NYSE,USD,1.0,USD,-,IVV,S&P 500
GE,GE AEROSPACE,Industrials,Equity,,0.5,,"13,578,203.00",302.63,United States,NYSE,USD,1.0,USD,-,IVV,S&P 500
PLTR,PALANTIR TECHNOLOGIES INC CLASS A,Information Technology,Equity,,0.5,,"29,573,544.00",137.05,United States,NASDAQ,USD,1.0,USD,-,IVV,S&P 500
KO,COCA-COLA,Consumer Staples,Equity,,0.48,,"50,120,778.00",78.43,United States,NYSE,USD,1.0,USD,-,IVV,S&P 500
GEV,GE VERNOVA INC,Industrials,Equity,,0.45,,"3,489,363.00",,United States,NYSE,USD,1.0,USD,-,IVV,S&P 500
MRK,MERCK & CO INC,Health Care,Equity,,0.44,,"32,132,926.00",112.3,United States,NYSE,USD,1.0,USD,-,IVV,S&P 500
GS,GOLDMAN SACHS GROUP INC,Financials,Equity,,0.44,,"3,882,953.00",925.87,United States,NYSE,USD,1.0,USD,-,IVV,S&P 500
PM,PHILIP MORRIS INTERNATIONAL INC,Consumer Staples,Equity,,0.42,,"20,153,213.00",171.11,United States,NYSE,USD,1.0,USD,-,IVV,S&P 500
TXN,TEXAS INSTRUMENT INC,Information Technology,Equity,,0.41,,"11,749,409.00",285.24,United States,NASDAQ,USD,1.0,USD,-,IVV,S&P 500
WFC,WELLS FARGO,Financials,Equity,,0.39,,"40,037,579.00",79.16,United States,NYSE,USD,1.0,USD,-,IVV,S&P 500
RTX,RTX CORP,Industrials,Equity,,0.38,,"17,377,651.00",176.78,United States,NYSE,USD,1.0,USD,-,IVV,S&P 500
KLAC,KLA CORP,Information Technology,Equity,,0.37,,"1,696,994.00",,United States,NASDAQ,USD,1.0,USD,-,IVV,S&P 500
LIN,LINDE PLC,Materials,Equity,,0.37,,"6,045,277.00",493.85,United States,NASDAQ,USD,1.0,USD,-,IVV,S&P 500
MS,MORGAN STANLEY,Financials,Equity,,0.36,,"15,575,367.00",190.17,United States,NYSE,USD,1.0,USD,-,IVV,S&P 500
C,CITIGROUP INC,Financials,Equity,,0.36,,"22,623,582.00",129.09,United States,NYSE,USD,1.0,USD,-,IVV,S&P 500
IBM,INTERNATIONAL BUSINESS MACHINES CO,Information Technology,Equity,,0.34,,"12,101,353.00",231.31,United States,NYSE,USD,1.0,USD,-,IVV,S&P 500
QCOM,QUALCOMM INC,Information Technology,Equity,,0.34,,"13,813,671.00",202.55,United States,NASDAQ,USD,1.0,USD,-,IVV,S&P 500
PEP,PEPSICO INC,Consumer Staples,Equity,,0.34,,"17,693,014.00",156.29,United States,NASDAQ,USD,1.0,USD,-,IVV,S&P 500
MCD,MCDONALDS CORP,Consumer Discretionary,Equity,,0.32,,"9,219,753.00",283.7,United States,NYSE,USD,1.0,USD,-,IVV,S&P 500
ADI,ANALOG DEVICES INC,Information Technology,Equity,,0.32,,"6,325,899.00",408.52,United States,NASDAQ,USD,1.0,USD,-,IVV,S&P 500
VZ,VERIZON COMMUNICATIONS INC,Communication,Equity,,0.32,,"54,594,412.00",47.09,United States,NYSE,USD,1.0,USD,-,IVV,S&P 500
SNDK,SANDISK CORP,Information Technology,Equity,,0.31,,"1,910,867.00",,United States,NASDAQ,USD,1.0,USD,-,IVV,S&P 500
NEE,NEXTERA ENERGY INC,Utilities,Equity,,0.31,,"26,962,033.00",93.32,United States,NYSE,USD,1.0,USD,-,IVV,S&P 500
DIS,WALT DISNEY,Communication,Equity,,0.31,,"22,934,550.00",108.66,United States,NYSE,USD,1.0,USD,-,IVV,S&P 500
BA,BOEING,Industrials,Equity,,0.29,,"10,167,270.00",231.03,United States,NYSE,USD,1.0,USD,-,IVV,S&P 500
TMO,THERMO FISHER SCIENTIFIC INC,Health Care,Equity,,0.28,,"4,863,986.00",474.46,United States,NYSE,USD,1.0,USD,-,IVV,S&P 500
AMGN,AMGEN INC,Health Care,Equity,,0.28,,"6,971,287.00",329.09,United States,NASDAQ,USD,1.0,USD,-,IVV,S&P 500
T,AT&T INC,Communication,Equity,,0.28,,"90,631,248.00",25.26,United States,NYSE,USD,1.0,USD,-,IVV,S&P 500
CRM,SALESFORCE INC,Information Technology,Equity,,0.28,,"12,130,646.00",186.34,United States,NYSE,USD,1.0,USD,-,IVV,S&P 500
TJX,TJX INC,Consumer Discretionary,Equity,,0.27,,"14,376,380.00",154.48,United States,NYSE,USD,1.0,USD,-,IVV,S&P 500
AXP,AMERICAN EXPRESS,Financials,Equity,,0.27,,"6,933,514.00",318.69,United States,NYSE,USD,1.0,USD,-,IVV,S&P 500
APH,AMPHENOL CORP CLASS A,Information Technology,Equity,,0.27,,"15,913,778.00",136.62,United States,NYSE,USD,1.0,USD,-,IVV,S&P 500
STX,SEAGATE TECHNOLOGY HOLDINGS PLC,Information Technology,Equity,,0.27,,"2,823,203.00",766.44,United States,NASDAQ,USD,1.0,USD,-,IVV,S&P 500
GILD,GILEAD SCIENCES INC,Health Care,Equity,,0.26,,"16,062,142.00",134.06,United States,NASDAQ,USD,1.0,USD,-,IVV,S&P 500
ISRG,INTUITIVE SURGICAL INC,Health Care,Equity,,0.26,,"4,597,579.00",453.49,United States,NASDAQ,USD,1.0,USD,-,IVV,S&P 500
PANW,PALO ALTO NETWORKS INC,Information Technology,Equity,,0.25,,"10,461,573.00",196.53,United States,NASDAQ,USD,1.0,USD,-,IVV,S&P 500
UBER,UBER TECHNOLOGIES INC,Industrials,Equity,,0.25,,"26,644,870.00",76.73,United States,NYSE,USD,1.0,USD,-,IVV,S&P 500
WDC,WESTERN DIGITAL CORP,Information Technology,Equity,,0.25,,"4,389,285.00",463.91,United States,NASDAQ,USD,1.0,USD,-,IVV,S&P 500
UNP,UNION PACIFIC CORP,Industrials,Equity,,0.25,,"7,682,161.00",264.89,United States,NYSE,USD,1.0,USD,-,IVV,S&P 500
ETN,EATON PLC,Industrials,Equity,,0.25,,"5,028,347.00",399.15,United States,NYSE,USD,1.0,USD,-,IVV,S&P 500
BLK,BLACKROCK INC,Financials,Equity,,0.24,,"1,868,000.00",,United States,NYSE,USD,1.0,USD,-,IVV,S&P 500
ABT,ABBOTT LABORATORIES,Health Care,Equity,,0.24,,"22,511,886.00",87.01,United States,NYSE,USD,1.0,USD,-,IVV,S&P 500
PFE,PFIZER INC,Health Care,Equity,,0.24,,"73,608,655.00",26.48,United States,NYSE,USD,1.0,USD,-,IVV,S&P 500
SCHW,CHARLES SCHWAB CORP,Financials,Equity,,0.24,,"21,624,405.00",89.5,United States,NYSE,USD,1.0,USD,-,IVV,S&P 500
WELL,WELLTOWER INC,Real Estate,Equity,,0.24,,"9,033,267.00",212.95,United States,NYSE,USD,1.0,USD,-,IVV,S&P 500
ANET,ARISTA NETWORKS INC,Information Technology,Equity,,0.23,,"13,368,504.00",141.75,United States,NYSE,USD,1.0,USD,-,IVV,S&P 500
DE,DEERE,Industrials,Equity,,0.23,,"3,263,723.00",580.54,United States,NYSE,USD,1.0,USD,-,IVV,S&P 500
GLW,CORNING INC,Information Technology,Equity,,0.23,,"10,107,588.00",182.4,United States,NYSE,USD,1.0,USD,-,IVV,S&P 500
COP,CONOCOPHILLIPS,Energy,Equity,,0.22,,"15,861,325.00",114.88,United States,NYSE,USD,1.0,USD,-,IVV,S&P 500
BKNG,BOOKING HOLDINGS INC,Consumer Discretionary,Equity,,0.22,,"10,432,710.00",171.28,United States,NASDAQ,USD,1.0,USD,-,IVV,S&P 500
HON,HONEYWELL INTERNATIONAL INC,Industrials,Equity,,0.22,,"8,219,444.00",216.07,United States,NASDAQ,USD,1.0,USD,-,IVV,S&P 500
APP,APPLOVIN CORP CLASS A,Information Technology,Equity,,0.21,,"3,508,425.00",498.87,United States,NASDAQ,USD,1.0,USD,-,IVV,S&P 500
PLD,PROLOGIS REIT INC,Real Estate,Equity,,0.21,,"12,034,345.00",142.29,United States,NYSE,USD,1.0,USD,-,IVV,S&P 500
SPGI,S&P GLOBAL INC,Financials,Equity,,0.21,,"3,961,584.00",428.68,United States,NYSE,USD,1.0,USD,-,IVV,S&P 500
VRT,VERTIV HOLDINGS CLASS A,Industrials,Equity,,0.21,,"4,952,617.00",340.01,United States,NYSE,USD,1.0,USD,-,IVV,S&P 500
LOW,LOWES COMPANIES INC,Consumer Discretionary,Equity,,0.21,,"7,262,179.00",230.88,United States,NYSE,USD,1.0,USD,-,IVV,S&P 500
CRWD,CROWDSTRIKE HOLDINGS INC CLASS A,Information Technology,Equity,,0.2,,"3,263,713.00",505.72,United States,NASDAQ,USD,1.0,USD,-,IVV,S&P 500
NEM,NEWMONT,Materials,Equity,,0.2,,"14,127,771.00",113.49,United States,NYSE,USD,1.0,USD,-,IVV,S&P 500
COF,CAPITAL ONE FINANCIAL CORP,Financials,Equity,,0.19,,"8,092,712.00",192.59,United States,NYSE,USD,1.0,USD,-,IVV,S&P 500
SBUX,STARBUCKS CORP,Consumer Discretionary,Equity,,0.19,,"14,749,667.00",104.26,United States,NASDAQ,USD,1.0,USD,-,IVV,S&P 500
CB,CHUBB,Financials,Equity,,0.19,,"4,708,837.00",321.28,United States,NYSE,USD,1.0,USD,-,IVV,S&P 500
MO,ALTRIA GROUP INC,Consumer Staples,Equity,,0.18,,"21,732,534.00",69.04,United States,NYSE,USD,1.0,USD,-,IVV,S&P 500
PGR,PROGRESSIVE CORP,Financials,Equity,,0.18,,"7,587,794.00",195.75,United States,NYSE,USD,1.0,USD,-,IVV,S&P 500
BMY,BRISTOL MYERS SQUIBB,Health Care,Equity,,0.18,,"26,364,738.00",56.25,United States,NYSE,USD,1.0,USD,-,IVV,S&P 500
INTU,INTUIT INC,Information Technology,Equity,,0.18,,"3,602,568.00",406.78,United States,NASDAQ,USD,1.0,USD,-,IVV,S&P 500
PWR,QUANTA SERVICES INC,Industrials,Equity,,0.18,,"1,930,491.00",750.73,United States,NYSE,USD,1.0,USD,-,IVV,S&P 500
PH,PARKER-HANNIFIN CORP,Industrials,Equity,,0.18,,"1,634,069.00",886.85,United States,NYSE,USD,1.0,USD,-,IVV,S&P 500
CVS,CVS HEALTH CORP,Health Care,Equity,,0.18,,"16,470,398.00",87.36,United States,NYSE,USD,1.0,USD,-,IVV,S&P 500
ACN,ACCENTURE PLC CLASS A,Information Technology,Equity,,0.18,,"7,965,911.00",180.19,United States,NYSE,USD,1.0,USD,-,IVV,S&P 500
DHR,DANAHER CORP,Health Care,Equity,,0.18,,"8,145,003.00",175.66,United States,NYSE,USD,1.0,USD,-,IVV,S&P 500
HWM,HOWMET AEROSPACE INC,Industrials,Equity,,0.17,,"5,190,672.00",272.54,United States,NYSE,USD,1.0,USD,-,IVV,S&P 500
VRTX,VERTEX PHARMACEUTICALS INC,Health Care,Equity,,0.17,,"3,288,326.00",425.0,United States,NASDAQ,USD,1.0,USD,-,IVV,S&P 500
ADBE,ADOBE INC,Information Technology,Equity,,0.17,,"5,314,468.00",256.51,United States,NASDAQ,USD,1.0,USD,-,IVV,S&P 500
EQIX,EQUINIX REIT INC,Real Estate,Equity,,0.17,,"1,272,002.00",,United States,NASDAQ,USD,1.0,USD,-,IVV,S&P 500
TT,TRANE TECHNOLOGIES PLC,Industrials,Equity,,0.17,,"2,865,404.00",469.81,United States,NYSE,USD,1.0,USD,-,IVV,S&P 500
LMT,LOCKHEED MARTIN CORP,Industrials,Equity,,0.16,,"2,621,218.00",512.41,United States,NYSE,USD,1.0,USD,-,IVV,S&P 500
CME,CME GROUP INC CLASS A,Financials,Equity,,0.16,,"4,668,338.00",286.85,United States,NASDAQ,USD,1.0,USD,-,IVV,S&P 500
SO,SOUTHERN,Utilities,Equity,,0.16,,"14,255,212.00",92.43,United States,NYSE,USD,1.0,USD,-,IVV,S&P 500
SYK,STRYKER CORP,Health Care,Equity,,0.16,,"4,458,949.00",294.23,United States,NYSE,USD,1.0,USD,-,IVV,S&P 500
MDT,MEDTRONIC PLC,Health Care,Equity,,0.16,,"16,597,260.00",77.96,United States,NYSE,USD,1.0,USD,-,IVV,S&P 500
NOW,SERVICENOW INC,Information Technology,Equity,,0.16,,"13,541,824.00",93.59,United States,NYSE,USD,1.0,USD,-,IVV,S&P 500
CDNS,CADENCE DESIGN SYSTEMS INC,Information Technology,Equity,,0.15,,"3,523,996.00",356.9,United States,NASDAQ,USD,1.0,USD,-,IVV,S&P 500
DUK,DUKE ENERGY CORP,Utilities,Equity,,0.15,,"10,067,802.00",124.87,United States,NYSE,USD,1.0,USD,-,IVV,S&P 500
CEG,CONSTELLATION ENERGY CORP,Utilities,Equity,,0.15,,"4,034,393.00",311.28,United States,NASDAQ,USD,1.0,USD,-,IVV,S&P 500
SNPS,SYNOPSYS INC,Information Technology,Equity,,0.15,,"2,476,884.00",505.19,United States,NASDAQ,USD,1.0,USD,-,IVV,S&P 500
CMI,CUMMINS INC,Industrials,Equity,,0.15,,"1,788,754.00",682.88,United States,NYSE,USD,1.0,USD,-,IVV,S&P 500
CMCSA,COMCAST CORP CLASS A,Communication,Equity,,0.15,,"46,456,409.00",26.24,United States,NASDAQ,USD,1.0,USD,-,IVV,S&P 500
MCK,MCKESSON CORP,Health Care,Equity,,0.15,,"1,585,702.00",754.76,United States,NYSE,USD,1.0,USD,-,IVV,S&P 500
TMUS,T MOBILE US INC,Communication,Equity,,0.15,,"6,133,986.00",194.2,United States,NASDAQ,USD,1.0,USD,-,IVV,S&P 500
BX,BLACKSTONE INC,Financials,Equity,,0.15,,"9,692,710.00",122.33,United States,NYSE,USD,1.0,USD,-,IVV,S&P 500
BK,BANK OF NEW YORK MELLON CORP,Financials,Equity,,0.14,,"8,910,101.00",130.69,United States,NYSE,USD,1.0,USD,-,IVV,S&P 500
WMB,WILLIAMS INC,Energy,Equity,,0.14,,"15,810,229.00",72.95,United States,NYSE,USD,1.0,USD,-,IVV,S&P 500
ICE,INTERCONTINENTAL EXCHANGE INC,Financials,Equity,,0.14,,"7,352,098.00",156.11,United States,NYSE,USD,1.0,USD,-,IVV,S&P 500
PNC,PNC FINANCIAL SERVICES GROUP INC,Financials,Equity,,0.14,,"5,229,018.00",219.29,United States,NYSE,USD,1.0,USD,-,IVV,S&P 500
GD,GENERAL DYNAMICS CORP,Industrials,Equity,,0.14,,"3,285,542.00",347.76,United States,NYSE,USD,1.0,USD,-,IVV,S&P 500
FCX,FREEPORT MCMORAN INC,Materials,Equity,,0.14,,"18,606,395.00",60.61,United States,NYSE,USD,1.0,USD,-,IVV,S&P 500
ADP,AUTOMATIC DATA PROCESSING INC,Industrials,Equity,,0.14,,"5,212,733.00",214.09,United States,NASDAQ,USD,1.0,USD,-,IVV,S&P 500
USB,US BANCORP,Financials,Equity,,0.14,,"20,124,071.00",55.31,United States,NYSE,USD,1.0,USD,-,IVV,S&P 500
JCI,JOHNSON CONTROLS INTERNATIONAL PLC,Industrials,Equity,,0.14,,"7,923,942.00",139.25,United States,NYSE,USD,1.0,USD,-,IVV,S&P 500
AMT,AMERICAN TOWER REIT CORP,Real Estate,Equity,,0.13,,"6,060,730.00",179.77,United States,NYSE,USD,1.0,USD,-,IVV,S&P 500
BSX,BOSTON SCIENTIFIC CORP,Health Care,Equity,,0.13,,"19,199,591.00",56.57,United States,NYSE,USD,1.0,USD,-,IVV,S&P 500
CSX,CSX CORP,Industrials,Equity,,0.13,,"24,074,264.00",44.46,United States,NASDAQ,USD,1.0,USD,-,IVV,S&P 500
ELV,ELEVANCE HEALTH INC,Health Care,Equity,,0.13,,"2,857,321.00",372.92,United States,NYSE,USD,1.0,USD,-,IVV,S&P 500
WM,WASTE MANAGEMENT INC,Industrials,Equity,,0.13,,"4,803,987.00",221.45,United States,NYSE,USD,1.0,USD,-,IVV,S&P 500
FDX,FEDEX CORP,Industrials,Equity,,0.13,,"2,800,422.00",375.93,United States,NYSE,USD,1.0,USD,-,IVV,S&P 500
MRSH,MARSH INC,Financials,Equity,,0.13,,"6,267,626.00",166.03,United States,NYSE,USD,1.0,USD,-,IVV,S&P 500
ORLY,OREILLY AUTOMOTIVE INC,Consumer Discretionary,Equity,,0.13,,"10,899,535.00",94.58,United States,NASDAQ,USD,1.0,USD,"Jan 01, 1970",IVV,S&P 500
EMR,EMERSON ELECTRIC,Industrials,Equity,,0.13,,"7,275,796.00",141.09,United States,NYSE,USD,1.0,USD,-,IVV,S&P 500
SLB,SLB NV,Energy,Equity,,0.13,,"19,358,964.00",53.0,United States,NYSE,USD,1.0,USD,-,IVV,S&P 500
MDLZ,MONDELEZ INTERNATIONAL INC CLASS A,Consumer Staples,Equity,,0.12,,"16,595,085.00",61.31,United States,NASDAQ,USD,1.0,USD,-,IVV,S&P 500
MAR,MARRIOTT INTERNATIONAL INC CLASS A,Consumer Discretionary,Equity,,0.12,,"2,847,334.00",352.05,United States,NASDAQ,USD,1.0,USD,-,IVV,S&P 500
MPWR,MONOLITHIC POWER SYSTEMS INC,Information Technology,Equity,,0.12,,"630,559.00",,United States,NASDAQ,USD,1.0,USD,-,IVV,S&P 500
CIEN,CIENA CORP,Information Technology,Equity,,0.12,,"1,823,525.00",538.76,United States,NYSE,USD,1.0,USD,-,IVV,S&P 500
MMM,3M,Industrials,Equity,,0.12,,"6,818,755.00",143.75,United States,NYSE,USD,1.0,USD,-,IVV,S&P 500
CRH,CRH PUBLIC LIMITED PLC,Materials,Equity,,0.12,,"8,677,482.00",112.63,United States,NYSE,USD,1.0,USD,-,IVV,S&P 500
CI,CIGNA,Health Care,Equity,,0.12,,"3,410,894.00",284.04,United States,NYSE,USD,1.0,USD,-,IVV,S&P 500
UPS,UNITED PARCEL SERVICE INC CLASS B,Industrials,Equity,,0.12,,"9,567,126.00",100.1,United States,NYSE,USD,1.0,USD,-,IVV,S&P 500
SHW,SHERWIN WILLIAMS,Materials,Equity,,0.12,,"2,984,681.00",320.21,United States,NYSE,USD,1.0,USD,-,IVV,S&P 500
NOC,NORTHROP GRUMMAN CORP,Industrials,Equity,,0.12,,"1,727,130.00",552.27,United States,NYSE,USD,1.0,USD,-,IVV,S&P 500
HLT,HILTON WORLDWIDE HOLDINGS INC,Consumer Discretionary,Equity,,0.12,,"2,968,490.00",320.3,United States,NYSE,USD,1.0,USD,-,IVV,S&P 500
NXPI,NXP SEMICONDUCTORS NV,Information Technology,Equity,,0.12,,"3,258,247.00",290.22,United States,NASDAQ,USD,1.0,USD,-,IVV,S&P 500
ROST,ROSS STORES INC,Consumer Discretionary,Equity,,0.12,,"4,187,423.00",224.48,United States,NASDAQ,USD,1.0,USD,-,IVV,S&P 500
VLO,VALERO ENERGY CORP,Energy,Equity,,0.11,,"3,948,736.00",236.35,United States,NYSE,USD,1.0,USD,-,IVV,S&P 500
MSI,MOTOROLA SOLUTIONS INC,Information Technology,Equity,,0.11,,"2,144,694.00",433.2,United States,NYSE,USD,1.0,USD,-,IVV,S&P 500
REGN,REGENERON PHARMACEUTICALS INC,Health Care,Equity,,0.11,,"1,305,037.00",709.1,United States,NASDAQ,USD,1.0,USD,-,IVV,S&P 500
MPC,MARATHON PETROLEUM CORP,Energy,Equity,,0.11,,"3,819,129.00",242.26,United States,NYSE,USD,1.0,USD,-,IVV,S&P 500
AEP,AMERICAN ELECTRIC POWER INC,Utilities,Equity,,0.11,,"7,002,148.00",131.76,United States,NASDAQ,USD,1.0,USD,-,IVV,S&P 500
EOG,EOG RESOURCES INC,Energy,Equity,,0.11,,"7,024,634.00",130.89,United States,NYSE,USD,1.0,USD,-,IVV,S&P 500
GM,GENERAL MOTORS,Consumer Discretionary,Equity,,0.11,,"11,703,031.00",78.41,United States,NYSE,USD,1.0,USD,-,IVV,S&P 500
RCL,ROYAL CARIBBEAN GROUP LTD,Consumer Discretionary,Equity,,0.11,,"3,257,177.00",280.87,United States,NYSE,USD,1.0,USD,-,IVV,S&P 500
CL,COLGATE-PALMOLIVE,Consumer Staples,Equity,,0.11,,"10,435,567.00",87.36,United States,NYSE,USD,1.0,USD,-,IVV,S&P 500
NSC,NORFOLK SOUTHERN CORP,Industrials,Equity,,0.11,,"2,906,629.00",313.39,United States,NYSE,USD,1.0,USD,-,IVV,S&P 500
TDG,TRANSDIGM GROUP INC,Industrials,Equity,,0.11,,"731,131.00",,United States,NYSE,USD,1.0,USD,-,IVV,S&P 500
MCO,MOODYS CORP,Financials,Equity,,0.11,,"1,986,300.00",457.1,United States,NYSE,USD,1.0,USD,-,IVV,S&P 500
KKR,KKR AND CO INC,Financials,Equity,,0.11,,"8,886,581.00",100.34,United States,NYSE,USD,1.0,USD,-,IVV,S&P 500
DELL,DELL TECHNOLOGIES INC CLASS C,Information Technology,Equity,,0.11,,"3,847,417.00",230.27,United States,NYSE,USD,1.0,USD,-,IVV,S&P 500
FIX,COMFORT SYSTEMS USA INC,Industrials,Equity,,0.11,,"455,791.00",,United States,NYSE,USD,1.0,USD,-,IVV,S&P 500
FTNT,FORTINET INC,Information Technology,Equity,,0.11,,"8,183,347.00",107.97,United States,NASDAQ,USD,1.0,USD,-,IVV,S&P 500
PSX,PHILLIPS 66,Energy,Equity,,0.11,,"5,216,304.00",168.31,United States,NYSE,USD,1.0,USD,-,IVV,S&P 500
AON,AON PLC CLASS A,Financials,Equity,,0.11,,"2,776,954.00",313.59,United States,NYSE,USD,1.0,USD,-,IVV,S&P 500
WBD,WARNER BROS. DISCOVERY INC SERIES,Communication,Equity,,0.11,,"32,086,019.00",27.12,United States,NASDAQ,USD,1.0,USD,-,IVV,S&P 500
HCA,HCA HEALTHCARE INC,Health Care,Equity,,0.11,,"2,026,514.00",429.02,United States,NYSE,USD,1.0,USD,-,IVV,S&P 500
ITW,ILLINOIS TOOL INC,Industrials,Equity,,0.11,,"3,395,305.00",255.53,United States,NYSE,USD,1.0,USD,-,IVV,S&P 500
APD,AIR PRODUCTS AND CHEMICALS INC,Materials,Equity,,0.1,,"2,882,566.00",294.99,United States,NYSE,USD,1.0,USD,-,IVV,S&P 500
SPG,SIMON PROPERTY GROUP REIT INC,Real Estate,Equity,,0.1,,"4,210,348.00",201.4,United States,NYSE,USD,1.0,USD,-,IVV,S&P 500
ECL,ECOLAB INC,Materials,Equity,,0.1,,"3,300,182.00",256.55,United States,NYSE,USD,1.0,USD,-,IVV,S&P 500
TRV,TRAVELERS COMPANIES INC,Financials,Equity,,0.1,,"2,799,453.00",298.94,United States,NYSE,USD,1.0,USD,-,IVV,S&P 500
DASH,DOORDASH INC CLASS A,Consumer Discretionary,Equity,,0.1,,"4,839,659.00",171.35,United States,NASDAQ,USD,1.0,USD,-,IVV,S&P 500
LITE,LUMENTUM HOLDINGS INC,Information Technology,Equity,,0.1,,"924,394.00",892.58,United States,NASDAQ,USD,1.0,USD,-,IVV,S&P 500
DLR,DIGITAL REALTY TRUST REIT INC,Real Estate,Equity,,0.1,,"4,180,950.00",194.78,United States,NYSE,USD,1.0,USD,-,IVV,S&P 500
TFC,TRUIST FINANCIAL CORP,Financials,Equity,,0.1,,"16,344,268.00",49.74,United States,NYSE,USD,1.0,USD,-,IVV,S&P 500
BKR,BAKER HUGHES CLASS A,Energy,Equity,,0.1,,"12,793,982.00",63.53,United States,NASDAQ,USD,1.0,USD,-,IVV,S&P 500
DDOG,DATADOG INC CLASS A,Information Technology,Equity,,0.1,,"4,249,962.00",188.73,United States,NASDAQ,USD,1.0,USD,-,IVV,S&P 500
KMI,KINDER MORGAN INC,Energy,Equity,,0.1,,"25,346,061.00",31.52,United States,NYSE,USD,1.0,USD,-,IVV,S&P 500
TEL,TE CONNECTIVITY PLC,Information Technology,Equity,,0.1,,"3,798,847.00",210.06,United States,NYSE,USD,1.0,USD,-,IVV,S&P 500
KEYS,KEYSIGHT TECHNOLOGIES INC,Information Technology,Equity,,0.1,,"2,220,506.00",355.06,United States,NYSE,USD,1.0,USD,-,IVV,S&P 500
HOOD,ROBINHOOD MARKETS INC CLASS A,Financials,Equity,,0.1,,"10,231,816.00",76.28,United States,NASDAQ,USD,1.0,USD,-,IVV,S&P 500
PCAR,PACCAR INC,Industrials,Equity,,0.1,,"6,801,988.00",114.05,United States,NASDAQ,USD,1.0,USD,-,IVV,S&P 500
COHR,COHERENT CORP,Information Technology,Equity,,0.1,,"2,427,150.00",319.19,United States,NYSE,USD,1.0,USD,-,IVV,S&P 500
SRE,SEMPRA,Utilities,Equity,,0.09,,"8,449,795.00",91.57,United States,NYSE,USD,1.0,USD,-,IVV,S&P 500
ABNB,AIRBNB INC CLASS A,Consumer Discretionary,Equity,,0.09,,"5,483,665.00",140.46,United States,NASDAQ,USD,1.0,USD,-,IVV,S&P 500
URI,UNITED RENTALS INC,Industrials,Equity,,0.09,,"815,610.00",944.12,United States,NYSE,USD,1.0,USD,-,IVV,S&P 500
APO,APOLLO GLOBAL MANAGEMENT INC,Financials,Equity,,0.09,,"6,011,443.00",127.79,United States,NYSE,USD,1.0,USD,-,IVV,S&P 500
AZO,AUTOZONE INC,Consumer Discretionary,Equity,,0.09,,"214,733.00",,United States,NYSE,USD,1.0,USD,-,IVV,S&P 500
CTAS,CINTAS CORP,Industrials,Equity,,0.09,,"4,400,481.00",170.04,United States,NASDAQ,USD,1.0,USD,-,IVV,S&P 500
TGT,TARGET CORP,Consumer Staples,Equity,,0.09,,"5,862,117.00",125.88,United States,NYSE,USD,1.0,USD,-,IVV,S&P 500
O,REALTY INCOME REIT CORP,Real Estate,Equity,,0.09,,"11,909,340.00",61.79,United States,NYSE,USD,1.0,USD,-,IVV,S&P 500
CVNA,CARVANA CLASS A,Consumer Discretionary,Equity,,0.09,,"1,830,933.00",400.02,United States,NYSE,USD,1.0,USD,-,IVV,S&P 500
LHX,L3HARRIS TECHNOLOGIES INC,Industrials,Equity,,0.09,,"2,418,049.00",301.18,United States,NYSE,USD,1.0,USD,-,IVV,S&P 500
ALL,ALLSTATE CORP,Financials,Equity,,0.09,,"3,366,051.00",213.67,United States,NYSE,USD,1.0,USD,-,IVV,S&P 500
TER,TERADYNE INC,Information Technology,Equity,,0.09,,"2,027,450.00",354.11,United States,NASDAQ,USD,1.0,USD,-,IVV,S&P 500
MCHP,MICROCHIP TECHNOLOGY INC,Information Technology,Equity,,0.09,,"7,005,689.00",101.58,United States,NASDAQ,USD,1.0,USD,-,IVV,S&P 500
MNST,MONSTER BEVERAGE CORP,Consumer Staples,Equity,,0.09,,"9,233,573.00",75.97,United States,NASDAQ,USD,1.0,USD,-,IVV,S&P 500
TRGP,TARGA RESOURCES CORP,Energy,Equity,,0.09,,"2,779,004.00",252.44,United States,NYSE,USD,1.0,USD,-,IVV,S&P 500
OKE,ONEOK INC,Energy,Equity,,0.09,,"8,146,176.00",85.87,United States,NYSE,USD,1.0,USD,-,IVV,S&P 500
AME,AMETEK INC,Industrials,Equity,,0.09,,"2,980,247.00",234.73,United States,NYSE,USD,1.0,USD,-,IVV,S&P 500
GWW,WW GRAINGER INC,Industrials,Equity,,0.09,,"566,408.00",,United States,NYSE,USD,1.0,USD,-,IVV,S&P 500
ADSK,AUTODESK INC,Information Technology,Equity,,0.08,,"2,744,632.00",251.04,United States,NASDAQ,USD,1.0,USD,-,IVV,S&P 500
CTVA,CORTEVA INC,Materials,Equity,,0.08,,"8,706,705.00",79.07,United States,NYSE,USD,1.0,USD,-,IVV,S&P 500
AFL,AFLAC INC,Financials,Equity,,0.08,,"6,043,542.00",113.6,United States,NYSE,USD,1.0,USD,-,IVV,S&P 500
NKE,NIKE INC CLASS B,Consumer Discretionary,Equity,,0.08,,"15,425,375.00",44.41,United States,NYSE,USD,1.0,USD,-,IVV,S&P 500
CARR,CARRIER GLOBAL CORP,Industrials,Equity,,0.08,,"10,171,820.00",67.22,United States,NYSE,USD,1.0,USD,-,IVV,S&P 500
D,DOMINION ENERGY INC,Utilities,Equity,,0.08,,"11,054,941.00",61.61,United States,NYSE,USD,1.0,USD,-,IVV,S&P 500
DVN,DEVON ENERGY CORP,Energy,Equity,,0.08,,"14,897,471.00",45.31,United States,NYSE,USD,1.0,USD,-,IVV,S&P 500
AJG,ARTHUR J GALLAGHER,Financials,Equity,,0.08,,"3,326,707.00",201.94,United States,NYSE,USD,1.0,USD,-,IVV,S&P 500
NUE,NUCOR CORP,Materials,Equity,,0.08,,"2,962,899.00",226.7,United States,NYSE,USD,1.0,USD,-,IVV,S&P 500
FAST,FASTENAL,Industrials,Equity,,0.08,,"14,864,599.00",44.36,United States,NASDAQ,USD,1.0,USD,-,IVV,S&P 500
ETR,ENTERGY CORP,Utilities,Equity,,0.08,,"5,856,096.00",112.02,United States,NYSE,USD,1.0,USD,-,IVV,S&P 500
ROK,ROCKWELL AUTOMATION INC,Industrials,Equity,,0.08,,"1,454,655.00",448.55,United States,NYSE,USD,1.0,USD,-,IVV,S&P 500
COR,CENCORA INC,Health Care,Equity,,0.08,,"2,518,483.00",255.66,United States,NYSE,USD,1.0,USD,-,IVV,S&P 500
VST,VISTRA CORP,Utilities,Equity,,0.08,,"4,123,335.00",153.95,United States,NYSE,USD,1.0,USD,-,IVV,S&P 500
PSA,PUBLIC STORAGE REIT,Real Estate,Equity,,0.08,,"2,044,913.00",309.33,United States,NYSE,USD,1.0,USD,-,IVV,S&P 500
EBAY,EBAY INC,Consumer Discretionary,Equity,,0.08,,"5,851,726.00",106.42,United States,NASDAQ,USD,1.0,USD,-,IVV,S&P 500
EW,EDWARDS LIFESCIENCES CORP,Health Care,Equity,,0.08,,"7,512,733.00",82.76,United States,NYSE,USD,1.0,USD,-,IVV,S&P 500
F,FORD MOTOR CO,Consumer Discretionary,Equity,,0.08,,"50,731,484.00",12.18,United States,NYSE,USD,1.0,USD,-,IVV,S&P 500
XEL,XCEL ENERGY INC,Utilities,Equity,,0.08,,"7,658,205.00",80.43,United States,NASDAQ,USD,1.0,USD,-,IVV,S&P 500
DAL,DELTA AIR LINES INC,Industrials,Equity,,0.08,,"8,409,579.00",73.11,United States,NYSE,USD,1.0,USD,-,IVV,S&P 500
IDXX,IDEXX LABORATORIES INC,Health Care,Equity,,0.07,,"1,033,268.00",572.2,United States,NASDAQ,USD,1.0,USD,-,IVV,S&P 500
EXC,EXELON CORP,Utilities,Equity,,0.07,,"13,242,626.00",44.41,United States,NASDAQ,USD,1.0,USD,-,IVV,S&P 500
WAB,WESTINGHOUSE AIR BRAKE TECHNOLOGIE,Industrials,Equity,,0.07,,"2,207,593.00",265.58,United States,NYSE,USD,1.0,USD,-,IVV,S&P 500
EA,ELECTRONIC ARTS INC,Communication,Equity,,0.07,,"2,915,825.00",200.85,United States,NASDAQ,USD,1.0,USD,-,IVV,S&P 500
FITB,FIFTH THIRD BANCORP,Financials,Equity,,0.07,,"11,652,224.00",49.67,United States,NASDAQ,USD,1.0,USD,-,IVV,S&P 500
YUM,YUM BRANDS INC,Consumer Discretionary,Equity,,0.07,,"3,594,562.00",157.25,United States,NYSE,USD,1.0,USD,-,IVV,S&P 500
BDX,BECTON DICKINSON,Health Care,Equity,,0.07,,"3,686,325.00",153.26,United States,NYSE,USD,1.0,USD,-,IVV,S&P 500
CAH,CARDINAL HEALTH INC,Health Care,Equity,,0.07,,"3,046,429.00",185.28,United States,NYSE,USD,1.0,USD,-,IVV,S&P 500
MET,METLIFE INC,Financials,Equity,,0.07,,"7,126,268.00",78.82,United States,NYSE,USD,1.0,USD,-,IVV,S&P 500
CMG,CHIPOTLE MEXICAN GRILL INC,Consumer Discretionary,Equity,,0.07,,"16,861,480.00",33.27,United States,NYSE,USD,1.0,USD,-,IVV,S&P 500
MSCI,MSCI INC,Financials,Equity,,0.07,,"951,224.00",588.37,United States,NYSE,USD,1.0,USD,-,IVV,S&P 500
COIN,COINBASE GLOBAL INC CLASS A,Financials,Equity,,0.07,,"2,887,530.00",192.96,United States,NASDAQ,USD,1.0,USD,-,IVV,S&P 500
CBRE,CBRE GROUP INC CLASS A,Real Estate,Equity,,0.07,,"3,761,733.00",146.7,United States,NYSE,USD,1.0,USD,-,IVV,S&P 500
PYPL,PAYPAL HOLDINGS INC,Financials,Equity,,0.07,,"11,919,134.00",46.22,United States,NASDAQ,USD,1.0,USD,-,IVV,S&P 500
AMP,AMERIPRISE FINANCE INC,Financials,Equity,,0.07,,"1,178,309.00",458.84,United States,NYSE,USD,1.0,USD,-,IVV,S&P 500
STT,STATE STREET CORP,Financials,Equity,,0.07,,"3,613,027.00",148.78,United States,NYSE,USD,1.0,USD,-,IVV,S&P 500
EME,EMCOR GROUP INC,Industrials,Equity,,0.07,,"579,540.00",924.06,United States,NYSE,USD,1.0,USD,-,IVV,S&P 500
VTR,VENTAS REIT INC,Real Estate,Equity,,0.07,,"6,148,999.00",86.55,United States,NYSE,USD,1.0,USD,-,IVV,S&P 500
AIG,AMERICAN INTERNATIONAL GROUP INC,Financials,Equity,,0.07,,"6,946,429.00",76.43,United States,NYSE,USD,1.0,USD,-,IVV,S&P 500
RSG,REPUBLIC SERVICES INC,Industrials,Equity,,0.06,,"2,604,961.00",201.55,United States,NYSE,USD,1.0,USD,-,IVV,S&P 500
NDAQ,NASDAQ INC,Financials,Equity,,0.06,,"5,813,776.00",89.0,United States,NASDAQ,USD,1.0,USD,-,IVV,S&P 500
CCI,CROWN CASTLE INC,Real Estate,Equity,,0.06,,"5,637,808.00",91.07,United States,NYSE,USD,1.0,USD,-,IVV,S&P 500
ON,ON SEMICONDUCTOR CORP,Information Technology,Equity,,0.06,,"5,101,100.00",100.61,United States,NASDAQ,USD,1.0,USD,-,IVV,S&P 500
GRMN,GARMIN LTD,Consumer Discretionary,Equity,,0.06,,"2,116,476.00",241.9,United States,NYSE,USD,1.0,USD,-,IVV,S&P 500
HPE,HEWLETT PACKARD ENTERPRISE,Information Technology,Equity,,0.06,,"17,203,123.00",29.7,United States,NYSE,USD,1.0,USD,-,IVV,S&P 500
DHI,D R HORTON INC,Consumer Discretionary,Equity,,0.06,,"3,488,006.00",145.97,United States,NYSE,USD,1.0,USD,-,IVV,S&P 500
TTWO,TAKE TWO INTERACTIVE SOFTWARE INC,Communication,Equity,,0.06,,"2,253,513.00",223.5,United States,NASDAQ,USD,1.0,USD,-,IVV,S&P 500
PEG,PUBLIC SERVICE ENTERPRISE GROUP IN,Utilities,Equity,,0.06,,"6,462,145.00",77.83,United States,NYSE,USD,1.0,USD,-,IVV,S&P 500
OXY,OCCIDENTAL PETROLEUM CORP,Energy,Equity,,0.06,,"9,311,004.00",53.94,United States,NYSE,USD,1.0,USD,-,IVV,S&P 500
KDP,KEURIG DR PEPPER INC,Consumer Staples,Equity,,0.06,,"17,588,562.00",28.52,United States,NASDAQ,USD,1.0,USD,-,IVV,S&P 500
KR,KROGER,Consumer Staples,Equity,,0.06,,"7,537,593.00",66.41,United States,NYSE,USD,1.0,USD,-,IVV,S&P 500
XYZ,BLOCK INC CLASS A,Financials,Equity,,0.06,,"7,090,262.00",70.14,United States,NYSE,USD,1.0,USD,-,IVV,S&P 500
ED,CONSOLIDATED EDISON INC,Utilities,Equity,,0.06,,"4,672,793.00",106.39,United States,NYSE,USD,1.0,USD,-,IVV,S&P 500
VMC,VULCAN MATERIALS,Materials,Equity,,0.06,,"1,710,591.00",288.93,United States,NYSE,USD,1.0,USD,-,IVV,S&P 500
ROP,ROPER TECHNOLOGIES INC,Information Technology,Equity,,0.06,,"1,380,051.00",352.44,United States,NASDAQ,USD,1.0,USD,-,IVV,S&P 500
IRM,IRON MOUNTAIN INC,Real Estate,Equity,,0.06,,"3,829,979.00",126.81,United States,NYSE,USD,1.0,USD,-,IVV,S&P 500
IBKR,INTERACTIVE BROKERS GROUP INC CLAS,Financials,Equity,,0.06,,"5,765,803.00",83.71,United States,NASDAQ,USD,1.0,USD,-,IVV,S&P 500
ADM,ARCHER DANIELS MIDLAND,Consumer Staples,Equity,,0.06,,"6,221,622.00",77.53,United States,NYSE,USD,1.0,USD,-,IVV,S&P 500
HIG,HARTFORD INSURANCE GROUP INC,Financials,Equity,,0.06,,"3,610,732.00",132.67,United States,NYSE,USD,1.0,USD,-,IVV,S&P 500
FANG,DIAMONDBACK ENERGY INC,Energy,Equity,,0.06,,"2,512,839.00",190.45,United States,NASDAQ,USD,1.0,USD,-,IVV,S&P 500
JBL,JABIL INC,Information Technology,Equity,,0.06,,"1,367,095.00",349.6,United States,NYSE,USD,1.0,USD,-,IVV,S&P 500
ZTS,ZOETIS INC CLASS A,Health Care,Equity,,0.06,,"5,464,943.00",87.31,United States,NYSE,USD,1.0,USD,-,IVV,S&P 500
WEC,WEC ENERGY GROUP INC,Utilities,Equity,,0.06,,"4,213,519.00",112.78,United States,NYSE,USD,1.0,USD,-,IVV,S&P 500
ODFL,OLD DOMINION FREIGHT LINE INC,Industrials,Equity,,0.06,,"2,382,155.00",198.06,United States,NASDAQ,USD,1.0,USD,-,IVV,S&P 500
MLM,MARTIN MARIETTA MATERIALS INC,Materials,Equity,,0.06,,"780,731.00",600.49,United States,NYSE,USD,1.0,USD,-,IVV,S&P 500
PCG,PG&E CORP,Utilities,Equity,,0.06,,"28,455,466.00",16.19,United States,NYSE,USD,1.0,USD,-,IVV,S&P 500
CBOE,CBOE GLOBAL MARKETS INC,Financials,Equity,,0.06,,"1,354,753.00",338.65,United States,Cboe BZX,USD,1.0,USD,-,IVV,S&P 500
EQT,EQT CORP,Energy,Equity,,0.06,,"8,079,361.00",56.22,United States,NYSE,USD,1.0,USD,-,IVV,S&P 500
SYY,SYSCO CORP,Consumer Staples,Equity,,0.06,,"6,200,399.00",72.88,United States,NYSE,USD,1.0,USD,-,IVV,S&P 500
CCL,CARNIVAL CORP,Consumer Discretionary,Equity,,0.06,,"16,637,429.00",27.0,United States,NYSE,USD,1.0,USD,-,IVV,S&P 500
PRU,PRUDENTIAL FINANCIAL INC,Financials,Equity,,0.05,,"4,486,205.00",99.44,United States,NYSE,USD,1.0,USD,-,IVV,S&P 500
WAT,WATERS CORP,Health Care,Equity,,0.05,,"1,269,707.00",350.49,United States,NYSE,USD,1.0,USD,-,IVV,S&P 500
KVUE,KENVUE INC,Consumer Staples,Equity,,0.05,,"24,805,150.00",17.72,United States,NYSE,USD,1.0,USD,-,IVV,S&P 500
ACGL,ARCH CAPITAL GROUP LTD,Financials,Equity,,0.05,,"4,627,937.00",94.52,United States,NASDAQ,USD,1.0,USD,-,IVV,S&P 500
AXON,AXON ENTERPRISE INC,Industrials,Equity,,0.05,,"1,021,584.00",426.89,United States,NASDAQ,USD,1.0,USD,-,IVV,S&P 500
A,AGILENT TECHNOLOGIES INC,Health Care,Equity,,0.05,,"3,661,712.00",118.65,United States,NYSE,USD,1.0,USD,-,IVV,S&P 500
KMB,KIMBERLY CLARK CORP,Consumer Staples,Equity,,0.05,,"4,297,173.00",99.56,United States,NASDAQ,USD,1.0,USD,-,IVV,S&P 500
HBAN,HUNTINGTON BANCSHARES INC,Financials,Equity,,0.05,,"26,278,230.00",16.19,United States,NASDAQ,USD,1.0,USD,-,IVV,S&P 500
HAL,HALLIBURTON,Energy,Equity,,0.05,,"10,843,119.00",39.12,United States,NYSE,USD,1.0,USD,-,IVV,S&P 500
MTB,M&T BANK CORP,Financials,Equity,,0.05,,"1,965,795.00",213.02,United States,NYSE,USD,1.0,USD,-,IVV,S&P 500
UAL,UNITED AIRLINES HOLDINGS INC,Industrials,Equity,,0.05,,"4,187,230.00",99.7,United States,NASDAQ,USD,1.0,USD,-,IVV,S&P 500
STLD,STEEL DYNAMICS INC,Materials,Equity,,0.05,,"1,777,159.00",232.92,United States,NASDAQ,USD,1.0,USD,-,IVV,S&P 500
CASY,CASEYS GENERAL STORES INC,Consumer Staples,Equity,,0.05,,"479,913.00",850.95,United States,NASDAQ,USD,1.0,USD,-,IVV,S&P 500
VICI,VICI PPTYS INC,Real Estate,Equity,,0.05,,"14,141,746.00",28.79,United States,NYSE,USD,1.0,USD,-,IVV,S&P 500
FISV,FISERV INC,Financials,Equity,,0.05,,"6,963,178.00",56.81,United States,NASDAQ,USD,1.0,USD,-,IVV,S&P 500
PAYX,PAYCHEX INC,Industrials,Equity,,0.05,,"4,182,584.00",94.26,United States,NASDAQ,USD,1.0,USD,-,IVV,S&P 500
EXR,EXTRA SPACE STORAGE REIT INC,Real Estate,Equity,,0.05,,"2,747,829.00",143.27,United States,NYSE,USD,1.0,USD,-,IVV,S&P 500
IQV,IQVIA HOLDINGS INC,Health Care,Equity,,0.05,,"2,195,687.00",178.64,United States,NYSE,USD,1.0,USD,-,IVV,S&P 500
CPRT,COPART INC,Industrials,Equity,,0.05,,"11,529,645.00",33.88,United States,NASDAQ,USD,1.0,USD,-,IVV,S&P 500
RMD,RESMED INC,Health Care,Equity,,0.05,,"1,885,983.00",206.89,United States,NYSE,USD,1.0,USD,-,IVV,S&P 500
NRG,NRG ENERGY INC,Utilities,Equity,,0.05,,"2,749,479.00",141.86,United States,NYSE,USD,1.0,USD,-,IVV,S&P 500
OTIS,OTIS WORLDWIDE CORP,Industrials,Equity,,0.05,,"5,032,494.00",77.47,United States,NYSE,USD,1.0,USD,-,IVV,S&P 500
ATO,ATMOS ENERGY CORP,Utilities,Equity,,0.05,,"2,141,848.00",181.86,United States,NYSE,USD,1.0,USD,-,IVV,S&P 500
Q,QNITY ELECTRONICS INC,Information Technology,Equity,,0.05,,"2,711,738.00",143.59,United States,NYSE,USD,1.0,USD,-,IVV,S&P 500
AEE,AMEREN CORP,Utilities,Equity,,0.05,,"3,578,315.00",108.77,United States,NYSE,USD,1.0,USD,-,IVV,S&P 500
NTRS,NORTHERN TRUST CORP,Financials,Equity,,0.05,,"2,412,403.00",160.03,United States,NASDAQ,USD,1.0,USD,-,IVV,S&P 500
HUM,HUMANA INC,Health Care,Equity,,0.05,,"1,561,166.00",247.12,United States,NYSE,USD,1.0,USD,-,IVV,S&P 500
DOV,DOVER CORP,Industrials,Equity,,0.05,,"1,746,050.00",220.9,United States,NYSE,USD,1.0,USD,-,IVV,S&P 500
TDY,TELEDYNE TECHNOLOGIES INC,Information Technology,Equity,,0.05,,"607,802.00",630.78,United States,NYSE,USD,1.0,USD,-,IVV,S&P 500
EXPE,EXPEDIA GROUP INC,Consumer Discretionary,Equity,,0.05,,"1,514,801.00",252.79,United States,NASDAQ,USD,1.0,USD,-,IVV,S&P 500
DTE,DTE ENERGY,Utilities,Equity,,0.05,,"2,688,697.00",142.0,United States,NYSE,USD,1.0,USD,-,IVV,S&P 500
XYL,XYLEM INC,Industrials,Equity,,0.04,,"3,153,692.00",115.64,United States,NYSE,USD,1.0,USD,-,IVV,S&P 500
BIIB,BIOGEN INC,Health Care,Equity,,0.04,,"1,900,012.00",191.38,United States,NASDAQ,USD,1.0,USD,-,IVV,S&P 500
GEHC,GE HEALTHCARE TECHNOLOGIES INC,Health Care,Equity,,0.04,,"5,900,257.00",61.34,United States,NASDAQ,USD,1.0,USD,-,IVV,S&P 500
WDAY,WORKDAY INC CLASS A,Information Technology,Equity,,0.04,,"2,757,523.00",130.88,United States,NASDAQ,USD,1.0,USD,-,IVV,S&P 500
HSY,HERSHEY FOODS,Consumer Staples,Equity,,0.04,,"1,918,228.00",187.06,United States,NYSE,USD,1.0,USD,-,IVV,S&P 500
IR,INGERSOLL RAND INC,Industrials,Equity,,0.04,,"4,607,870.00",77.5,United States,NYSE,USD,1.0,USD,-,IVV,S&P 500
CNP,CENTERPOINT ENERGY INC,Utilities,Equity,,0.04,,"8,452,193.00",42.24,United States,NYSE,USD,1.0,USD,-,IVV,S&P 500
CFG,CITIZENS FINANCIAL GROUP INC,Financials,Equity,,0.04,,"5,501,948.00",64.22,United States,NYSE,USD,1.0,USD,-,IVV,S&P 500
PPL,PPL CORP,Utilities,Equity,,0.04,,"9,576,866.00",36.77,United States,NYSE,USD,1.0,USD,-,IVV,S&P 500
RJF,RAYMOND JAMES INC,Financials,Equity,,0.04,,"2,270,880.00",153.53,United States,NYSE,USD,1.0,USD,-,IVV,S&P 500
MTD,METTLER TOLEDO INC,Health Care,Equity,,0.04,,"263,055.00",,United States,NYSE,USD,1.0,USD,-,IVV,S&P 500
DOW,DOW INC,Materials,Equity,,0.04,,"9,289,391.00",37.32,United States,NYSE,USD,1.0,USD,-,IVV,S&P 500
FICO,FAIR ISAAC CORP,Information Technology,Equity,,0.04,,"307,013.00",,United States,NYSE,USD,1.0,USD,-,IVV,S&P 500
TPR,TAPESTRY INC,Consumer Discretionary,Equity,,0.04,,"2,621,135.00",130.52,United States,NYSE,USD,1.0,USD,-,IVV,S&P 500
EIX,EDISON INTERNATIONAL,Utilities,Equity,,0.04,,"4,981,582.00",68.57,United States,NYSE,USD,1.0,USD,-,IVV,S&P 500
AVB,AVALONBAY COMMUNITIES REIT INC,Real Estate,Equity,,0.04,,"1,832,824.00",185.79,United States,NYSE,USD,1.0,USD,-,IVV,S&P 500
HUBB,HUBBELL INC,Industrials,Equity,,0.04,,"688,246.00",493.04,United States,NYSE,USD,1.0,USD,-,IVV,S&P 500
LYV,LIVE NATION ENTERTAINMENT INC,Communication,Equity,,0.04,,"2,044,227.00",165.75,United States,NYSE,USD,1.0,USD,-,IVV,S&P 500
SYF,SYNCHRONY FINANCIAL,Financials,Equity,,0.04,,"4,500,079.00",74.0,United States,NYSE,USD,1.0,USD,-,IVV,S&P 500
CNC,CENTENE CORP,Health Care,Equity,,0.04,,"6,049,386.00",54.98,United States,NYSE,USD,1.0,USD,-,IVV,S&P 500
DG,DOLLAR GENERAL CORP,Consumer Staples,Equity,,0.04,,"2,849,673.00",116.47,United States,NYSE,USD,1.0,USD,-,IVV,S&P 500
VEEV,VEEVA SYSTEMS INC CLASS A,Health Care,Equity,,0.04,,"1,957,100.00",168.25,United States,NYSE,USD,1.0,USD,-,IVV,S&P 500
ARES,ARES MANAGEMENT CORP CLASS A,Financials,Equity,,0.04,,"2,667,959.00",123.15,United States,NYSE,USD,1.0,USD,-,IVV,S&P 500
CINF,CINCINNATI FINANCIAL CORP,Financials,Equity,,0.04,,"2,019,856.00",162.05,United States,NASDAQ,USD,1.0,USD,-,IVV,S&P 500
ES,EVERSOURCE ENERGY,Utilities,Equity,,0.04,,"4,857,295.00",67.04,United States,NYSE,USD,1.0,USD,-,IVV,S&P 500
CTSH,COGNIZANT TECHNOLOGY SOLUTIONS COR,Information Technology,Equity,,0.04,,"6,191,497.00",51.94,United States,NASDAQ,USD,1.0,USD,-,IVV,S&P 500
AWK,AMERICAN WATER WORKS INC,Utilities,Equity,,0.04,,"2,526,820.00",126.2,United States,NYSE,USD,1.0,USD,-,IVV,S&P 500
WTW,WILLIS TOWERS WATSON PLC,Financials,Equity,,0.04,,"1,230,884.00",258.07,United States,NASDAQ,USD,1.0,USD,-,IVV,S&P 500
FIS,FIDELITY NATIONAL INFORMATION SERV,Financials,Equity,,0.04,,"6,704,210.00",47.25,United States,NYSE,USD,1.0,USD,-,IVV,S&P 500
PPG,PPG INDUSTRIES INC,Materials,Equity,,0.04,,"2,905,143.00",108.93,United States,NYSE,USD,1.0,USD,-,IVV,S&P 500
VRSK,VERISK ANALYTICS INC,Industrials,Equity,,0.04,,"1,804,326.00",174.69,United States,NASDAQ,USD,1.0,USD,-,IVV,S&P 500
RF,REGIONS FINANCIAL CORP,Financials,Equity,,0.04,,"11,237,379.00",27.95,United States,NYSE,USD,1.0,USD,-,IVV,S&P 500
OMC,OMNICOM GROUP INC,Communication,Equity,,0.04,,"4,072,971.00",76.92,United States,NYSE,USD,1.0,USD,-,IVV,S&P 500
FE,FIRSTENERGY CORP,Utilities,Equity,,0.04,,"6,730,710.00",45.17,United States,NYSE,USD,1.0,USD,-,IVV,S&P 500
DXCM,DEXCOM INC,Health Care,Equity,,0.04,,"4,982,588.00",60.91,United States,NASDAQ,USD,1.0,USD,-,IVV,S&P 500
ALB,ALBEMARLE CORP,Materials,Equity,,0.04,,"1,525,190.00",198.35,United States,NYSE,USD,1.0,USD,-,IVV,S&P 500
ULTA,ULTA BEAUTY INC,Consumer Discretionary,Equity,,0.04,,"574,353.00",526.53,United States,NASDAQ,USD,1.0,USD,-,IVV,S&P 500
SBAC,SBA COMMUNICATIONS REIT CORP CLASS,Real Estate,Equity,,0.04,,"1,379,367.00",218.62,United States,NASDAQ,USD,1.0,USD,-,IVV,S&P 500
EXE,EXPAND ENERGY CORP,Energy,Equity,,0.04,,"3,083,409.00",97.42,United States,NASDAQ,USD,1.0,USD,-,IVV,S&P 500
WST,WEST PHARMACEUTICAL SERVICES INC,Health Care,Equity,,0.04,,"931,394.00",322.01,United States,NYSE,USD,1.0,USD,-,IVV,S&P 500
TPL,TEXAS PACIFIC LAND CORP,Energy,Equity,,0.04,,"749,790.00",399.08,United States,NYSE,USD,1.0,USD,-,IVV,S&P 500
FSLR,FIRST SOLAR INC,Information Technology,Equity,,0.04,,"1,389,614.00",214.57,United States,NASDAQ,USD,1.0,USD,-,IVV,S&P 500
VRSN,VERISIGN INC,Information Technology,Equity,,0.04,,"1,068,439.00",278.47,United States,NASDAQ,USD,1.0,USD,-,IVV,S&P 500
CMS,CMS ENERGY CORP,Utilities,Equity,,0.04,,"3,967,020.00",73.96,United States,NYSE,USD,1.0,USD,-,IVV,S&P 500
EQR,EQUITY RESIDENTIAL REIT,Real Estate,Equity,,0.04,,"4,450,991.00",65.86,United States,NYSE,USD,1.0,USD,-,IVV,S&P 500
TROW,T ROWE PRICE GROUP INC,Financials,Equity,,0.04,,"2,830,064.00",103.59,United States,NASDAQ,USD,1.0,USD,-,IVV,S&P 500
NI,NISOURCE INC,Utilities,Equity,,0.04,,"6,195,184.00",47.02,United States,NYSE,USD,1.0,USD,-,IVV,S&P 500
DRI,DARDEN RESTAURANTS INC,Consumer Discretionary,Equity,,0.04,,"1,490,600.00",195.17,United States,NYSE,USD,1.0,USD,-,IVV,S&P 500
PHM,PULTEGROUP INC,Consumer Discretionary,Equity,,0.04,,"2,487,506.00",116.82,United States,NYSE,USD,1.0,USD,-,IVV,S&P 500
NTAP,NETAPP INC,Information Technology,Equity,,0.04,,"2,564,165.00",113.0,United States,NASDAQ,USD,1.0,USD,-,IVV,S&P 500
CHD,CHURCH AND DWIGHT INC,Consumer Staples,Equity,,0.04,,"3,064,288.00",93.88,United States,NYSE,USD,1.0,USD,-,IVV,S&P 500
VLTO,VERALTO CORP,Industrials,Equity,,0.04,,"3,214,525.00",88.73,United States,NYSE,USD,1.0,USD,-,IVV,S&P 500
WSM,WILLIAMS SONOMA INC,Consumer Discretionary,Equity,,0.03,,"1,544,414.00",183.42,United States,NYSE,USD,1.0,USD,-,IVV,S&P 500
SW,SMURFIT WESTROCK PLC,Materials,Equity,,0.03,,"6,756,403.00",41.63,United States,NYSE,USD,1.0,USD,-,IVV,S&P 500
LH,LABCORP HOLDINGS INC,Health Care,Equity,,0.03,,"1,073,209.00",258.05,United States,NYSE,USD,1.0,USD,-,IVV,S&P 500
CPAY,CORPAY INC,Financials,Equity,,0.03,,"905,811.00",305.75,United States,NYSE,USD,1.0,USD,-,IVV,S&P 500
EFX,EQUIFAX INC,Industrials,Equity,,0.03,,"1,558,704.00",175.62,United States,NYSE,USD,1.0,USD,-,IVV,S&P 500
STZ,CONSTELLATION BRANDS INC CLASS A,Consumer Staples,Equity,,0.03,,"1,818,199.00",150.25,United States,NYSE,USD,1.0,USD,-,IVV,S&P 500
EL,ESTEE LAUDER INC CLASS A,Consumer Staples,Equity,,0.03,,"3,200,547.00",85.29,United States,NYSE,USD,1.0,USD,-,IVV,S&P 500
DGX,QUEST DIAGNOSTICS INC,Health Care,Equity,,0.03,,"1,424,069.00",190.84,United States,NYSE,USD,1.0,USD,-,IVV,S&P 500
STE,STERIS,Health Care,Equity,,0.03,,"1,269,682.00",213.7,United States,NYSE,USD,1.0,USD,-,IVV,S&P 500
EXPD,EXPEDITORS INTERNATIONAL OF WASHIN,Industrials,Equity,,0.03,,"1,735,050.00",151.86,United States,NYSE,USD,1.0,USD,-,IVV,S&P 500
LUV,SOUTHWEST AIRLINES,Industrials,Equity,,0.03,,"6,360,743.00",41.39,United States,NYSE,USD,1.0,USD,-,IVV,S&P 500
CHRW,CH ROBINSON WORLDWIDE INC,Industrials,Equity,,0.03,,"1,535,676.00",171.37,United States,NASDAQ,USD,1.0,USD,-,IVV,S&P 500
KEY,KEYCORP,Financials,Equity,,0.03,,"12,131,172.00",21.69,United States,NYSE,USD,1.0,USD,-,IVV,S&P 500
KHC,KRAFT HEINZ,Consumer Staples,Equity,,0.03,,"11,034,007.00",23.64,United States,NASDAQ,USD,1.0,USD,-,IVV,S&P 500
IFF,INTERNATIONAL FLAVORS & FRAGRANCES,Materials,Equity,,0.03,,"3,315,441.00",78.26,United States,NYSE,USD,1.0,USD,-,IVV,S&P 500
VTRS,VIATRIS INC,Health Care,Equity,,0.03,,"14,912,505.00",17.39,United States,NASDAQ,USD,1.0,USD,-,IVV,S&P 500
PKG,PACKAGING CORP OF AMERICA,Materials,Equity,,0.03,,"1,157,005.00",223.43,United States,NYSE,USD,1.0,USD,-,IVV,S&P 500
WRB,WR BERKLEY CORP,Financials,Equity,,0.03,,"3,857,389.00",66.53,United States,NYSE,USD,1.0,USD,-,IVV,S&P 500
PFG,PRINCIPAL FINANCIAL GROUP INC,Financials,Equity,,0.03,,"2,561,166.00",100.03,United States,NASDAQ,USD,1.0,USD,-,IVV,S&P 500
DD,DUPONT DE NEMOURS INC,Materials,Equity,,0.03,,"5,297,915.00",48.36,United States,NYSE,USD,1.0,USD,-,IVV,S&P 500
FFIV,F5 INC,Information Technology,Equity,,0.03,,"731,806.00",345.02,United States,NASDAQ,USD,1.0,USD,-,IVV,S&P 500
HPQ,HP INC,Information Technology,Equity,,0.03,,"11,884,482.00",20.99,United States,NYSE,USD,1.0,USD,-,IVV,S&P 500
SNA,SNAP ON INC,Industrials,Equity,,0.03,,"672,051.00",370.67,United States,NYSE,USD,1.0,USD,-,IVV,S&P 500
TSN,TYSON FOODS INC CLASS A,Consumer Staples,Equity,,0.03,,"3,651,777.00",67.94,United States,NYSE,USD,1.0,USD,-,IVV,S&P 500
FTV,FORTIVE CORP,Industrials,Equity,,0.03,,"4,057,397.00",60.9,United States,NYSE,USD,1.0,USD,-,IVV,S&P 500
GIS,GENERAL MILLS INC,Consumer Staples,Equity,,0.03,,"6,907,850.00",35.71,United States,NYSE,USD,1.0,USD,-,IVV,S&P 500
EVRG,EVERGY INC,Utilities,Equity,,0.03,,"2,980,375.00",82.73,United States,NASDAQ,USD,1.0,USD,-,IVV,S&P 500
LEN,LENNAR A CORP CLASS A,Consumer Discretionary,Equity,,0.03,,"2,790,666.00",87.74,United States,NYSE,USD,1.0,USD,-,IVV,S&P 500
AMCR,AMCOR PLC,Materials,Equity,,0.03,,"6,012,246.00",39.92,United States,NYSE,USD,1.0,USD,-,IVV,S&P 500
CF,CF INDUSTRIES HOLDINGS INC,Materials,Equity,,0.03,,"2,019,289.00",118.68,United States,NYSE,USD,1.0,USD,-,IVV,S&P 500
LNT,ALLIANT ENERGY CORP,Utilities,Equity,,0.03,,"3,327,915.00",71.69,United States,NASDAQ,USD,1.0,USD,-,IVV,S&P 500
LYB,LYONDELLBASELL INDUSTRIES NV CLASS,Materials,Equity,,0.03,,"3,333,613.00",71.51,United States,NYSE,USD,1.0,USD,-,IVV,S&P 500
JBHT,JB HUNT TRANSPORT SERVICES INC,Industrials,Equity,,0.03,,"967,023.00",242.19,United States,NASDAQ,USD,1.0,USD,-,IVV,S&P 500
DLTR,DOLLAR TREE INC,Consumer Staples,Equity,,0.03,,"2,394,395.00",96.76,United States,NASDAQ,USD,1.0,USD,-,IVV,S&P 500
BR,BROADRIDGE FINANCIAL SOLUTIONS INC,Industrials,Equity,,0.03,,"1,511,449.00",152.89,United States,NYSE,USD,1.0,USD,-,IVV,S&P 500
L,LOEWS CORP,Financials,Equity,,0.03,,"2,187,978.00",104.41,United States,NYSE,USD,1.0,USD,-,IVV,S&P 500
PTC,PTC INC,Information Technology,Equity,,0.03,,"1,540,510.00",147.65,United States,NASDAQ,USD,1.0,USD,-,IVV,S&P 500
IP,INTERNATIONAL PAPER,Materials,Equity,,0.03,,"6,836,254.00",33.08,United States,NYSE,USD,1.0,USD,-,IVV,S&P 500
ESS,ESSEX PROPERTY TRUST REIT INC,Real Estate,Equity,,0.03,,"833,973.00",267.37,United States,NYSE,USD,1.0,USD,-,IVV,S&P 500
WY,WEYERHAEUSER REIT,Real Estate,Equity,,0.03,,"9,328,214.00",23.7,United States,NYSE,USD,1.0,USD,-,IVV,S&P 500
NVR,NVR INC,Consumer Discretionary,Equity,,0.03,,"36,647.00",,United States,NYSE,USD,1.0,USD,-,IVV,S&P 500
BRO,BROWN & BROWN INC,Financials,Equity,,0.03,,"3,790,449.00",58.05,United States,NYSE,USD,1.0,USD,-,IVV,S&P 500
SMCI,SUPER MICRO COMPUTER INC,Information Technology,Equity,,0.03,,"6,513,942.00",33.62,United States,NASDAQ,USD,1.0,USD,-,IVV,S&P 500
MRNA,MODERNA INC,Health Care,Equity,,0.03,,"4,502,878.00",48.54,United States,NASDAQ,USD,1.0,USD,-,IVV,S&P 500
LII,LENNOX INTERNATIONAL INC,Industrials,Equity,,0.03,,"413,293.00",526.61,United States,NYSE,USD,1.0,USD,-,IVV,S&P 500
AKAM,AKAMAI TECHNOLOGIES INC,Information Technology,Equity,,0.03,,"1,863,286.00",116.69,United States,NASDAQ,USD,1.0,USD,-,IVV,S&P 500
TSCO,TRACTOR SUPPLY,Consumer Discretionary,Equity,,0.03,,"6,840,816.00",31.74,United States,NASDAQ,USD,1.0,USD,-,IVV,S&P 500
LDOS,LEIDOS HOLDINGS INC,Industrials,Equity,,0.03,,"1,654,084.00",131.26,United States,NYSE,USD,1.0,USD,-,IVV,S&P 500
BG,BUNGE GLOBAL SA,Consumer Staples,Equity,,0.03,,"1,752,511.00",123.75,United States,NYSE,USD,1.0,USD,-,IVV,S&P 500
GPN,GLOBAL PAYMENTS INC,Financials,Equity,,0.03,,"3,081,588.00",70.13,United States,NYSE,USD,1.0,USD,-,IVV,S&P 500
ZBH,ZIMMER BIOMET HOLDINGS INC,Health Care,Equity,,0.03,,"2,566,586.00",83.37,United States,NYSE,USD,1.0,USD,-,IVV,S&P 500
SATS,ECHOSTAR CORP CLASS A,Communication,Equity,,0.03,,"1,742,780.00",122.62,United States,NASDAQ,USD,1.0,USD,-,IVV,S&P 500
INCY,INCYTE CORP,Health Care,Equity,,0.03,,"2,164,280.00",97.77,United States,NASDAQ,USD,1.0,USD,-,IVV,S&P 500
INVH,INVITATION HOMES INC,Real Estate,Equity,,0.03,,"7,302,654.00",28.97,United States,NYSE,USD,1.0,USD,-,IVV,S&P 500
LVS,LAS VEGAS SANDS CORP,Consumer Discretionary,Equity,,0.03,,"3,914,224.00",53.78,United States,NYSE,USD,1.0,USD,-,IVV,S&P 500
IEX,IDEX CORP,Industrials,Equity,,0.03,,"968,465.00",214.87,United States,NYSE,USD,1.0,USD,-,IVV,S&P 500
ROL,ROLLINS INC,Industrials,Equity,,0.03,,"3,799,522.00",54.39,United States,NYSE,USD,1.0,USD,-,IVV,S&P 500
TXT,TEXTRON INC,Industrials,Equity,,0.03,,"2,252,939.00",91.59,United States,NYSE,USD,1.0,USD,-,IVV,S&P 500
KIM,KIMCO REALTY REIT CORP,Real Estate,Equity,,0.03,,"8,728,099.00",23.53,United States,NYSE,USD,1.0,USD,-,IVV,S&P 500
GNRC,GENERAC HOLDINGS INC,Industrials,Equity,,0.02,,"759,624.00",266.75,United States,NYSE,USD,1.0,USD,-,IVV,S&P 500
BALL,BALL CORP,Materials,Equity,,0.02,,"3,469,403.00",58.41,United States,NYSE,USD,1.0,USD,-,IVV,S&P 500
MAA,MID AMERICA APARTMENT COMMUNITIES,Real Estate,Equity,,0.02,,"1,513,493.00",130.36,United States,NYSE,USD,1.0,USD,-,IVV,S&P 500
NDSN,NORDSON CORP,Industrials,Equity,,0.02,,"684,550.00",284.13,United States,NASDAQ,USD,1.0,USD,-,IVV,S&P 500
CSGP,COSTAR GROUP INC,Real Estate,Equity,,0.02,,"5,487,793.00",34.98,United States,NASDAQ,USD,1.0,USD,-,IVV,S&P 500
TRMB,TRIMBLE INC,Information Technology,Equity,,0.02,,"3,080,998.00",61.85,United States,NASDAQ,USD,1.0,USD,-,IVV,S&P 500
MAS,MASCO CORP,Industrials,Equity,,0.02,,"2,636,860.00",71.93,United States,NYSE,USD,1.0,USD,-,IVV,S&P 500
GPC,GENUINE PARTS,Consumer Discretionary,Equity,,0.02,,"1,801,242.00",105.25,United States,NYSE,USD,1.0,USD,-,IVV,S&P 500
DECK,DECKERS OUTDOOR CORP,Consumer Discretionary,Equity,,0.02,,"1,838,417.00",102.72,United States,NYSE,USD,1.0,USD,-,IVV,S&P 500
J,JACOBS SOLUTIONS INC,Industrials,Equity,,0.02,,"1,520,533.00",122.76,United States,NYSE,USD,1.0,USD,-,IVV,S&P 500
CDW,CDW CORP,Information Technology,Equity,,0.02,,"1,685,710.00",110.2,United States,NASDAQ,USD,1.0,USD,-,IVV,S&P 500
EG,EVEREST GROUP LTD,Financials,Equity,,0.02,,"526,717.00",351.73,United States,NYSE,USD,1.0,USD,-,IVV,S&P 500
LULU,LULULEMON ATHLETICA INC,Consumer Discretionary,Equity,,0.02,,"1,380,168.00",133.59,United States,NASDAQ,USD,1.0,USD,-,IVV,S&P 500
TYL,TYLER TECHNOLOGIES INC,Information Technology,Equity,,0.02,,"557,063.00",331.08,United States,NYSE,USD,1.0,USD,-,IVV,S&P 500
HST,HOST HOTELS & RESORTS REIT INC,Real Estate,Equity,,0.02,,"8,270,993.00",21.67,United States,NASDAQ,USD,1.0,USD,-,IVV,S&P 500
CHTR,CHARTER COMMUNICATIONS INC CLASS A,Communication,Equity,,0.02,,"1,114,775.00",160.24,United States,NASDAQ,USD,1.0,USD,-,IVV,S&P 500
RL,RALPH LAUREN CORP CLASS A,Consumer Discretionary,Equity,,0.02,,"500,537.00",353.55,United States,NYSE,USD,1.0,USD,-,IVV,S&P 500
DOC,HEALTHPEAK PROPERTIES INC,Real Estate,Equity,,0.02,,"8,988,154.00",19.66,United States,NYSE,USD,1.0,USD,-,IVV,S&P 500
HAS,HASBRO INC,Consumer Discretionary,Equity,,0.02,,"1,724,502.00",97.39,United States,NASDAQ,USD,1.0,USD,-,IVV,S&P 500
PNR,PENTAIR,Industrials,Equity,,0.02,,"2,118,795.00",78.96,United States,NYSE,USD,1.0,USD,-,IVV,S&P 500
APA,APA CORP,Energy,Equity,,0.02,,"4,592,979.00",36.24,United States,NASDAQ,USD,1.0,USD,-,IVV,S&P 500
REG,REGENCY CENTERS REIT CORP,Real Estate,Equity,,0.02,,"2,131,660.00",77.86,United States,NASDAQ,USD,1.0,USD,-,IVV,S&P 500
AVY,AVERY DENNISON CORP,Materials,Equity,,0.02,,"999,481.00",165.53,United States,NYSE,USD,1.0,USD,-,IVV,S&P 500
FOXA,FOX CORP CLASS A,Communication,Equity,,0.02,,"2,595,408.00",62.69,United States,NASDAQ,USD,1.0,USD,-,IVV,S&P 500
TKO,TKO GROUP HOLDINGS INC CLASS A,Communication,Equity,,0.02,,"857,818.00",187.51,United States,NYSE,USD,1.0,USD,-,IVV,S&P 500
SWK,STANLEY BLACK & DECKER INC,Industrials,Equity,,0.02,,"2,005,783.00",80.2,United States,NYSE,USD,1.0,USD,-,IVV,S&P 500
HII,HUNTINGTON INGALLS INDUSTRIES INC,Industrials,Equity,,0.02,,"507,666.00",314.72,United States,NYSE,USD,1.0,USD,-,IVV,S&P 500
MKC,MCCORMICK & CO NON-VOTING INC,Consumer Staples,Equity,,0.02,,"3,280,690.00",47.9,United States,NYSE,USD,1.0,USD,-,IVV,S&P 500
APTV,APTIV PLC,Consumer Discretionary,Equity,,0.02,,"2,750,883.00",57.11,United States,NYSE,USD,1.0,USD,-,IVV,S&P 500
GL,GLOBE LIFE INC,Financials,Equity,,0.02,,"1,030,556.00",152.45,United States,NYSE,USD,1.0,USD,-,IVV,S&P 500
GDDY,GODADDY INC CLASS A,Information Technology,Equity,,0.02,,"1,747,977.00",89.75,United States,NYSE,USD,1.0,USD,-,IVV,S&P 500
COO,COOPER INC,Health Care,Equity,,0.02,,"2,538,036.00",61.11,United States,NASDAQ,USD,1.0,USD,-,IVV,S&P 500
IVZ,INVESCO LTD,Financials,Equity,,0.02,,"5,742,101.00",26.83,United States,NYSE,USD,1.0,USD,-,IVV,S&P 500
PNW,PINNACLE WEST CORP,Utilities,Equity,,0.02,,"1,548,160.00",99.53,United States,NYSE,USD,1.0,USD,-,IVV,S&P 500
ALLE,ALLEGION PLC,Industrials,Equity,,0.02,,"1,112,246.00",136.81,United States,NYSE,USD,1.0,USD,-,IVV,S&P 500
AIZ,ASSURANT INC,Financials,Equity,,0.02,,"648,340.00",233.8,United States,NYSE,USD,1.0,USD,-,IVV,S&P 500
BBY,BEST BUY INC,Consumer Discretionary,Equity,,0.02,,"2,520,609.00",58.54,United States,NYSE,USD,1.0,USD,-,IVV,S&P 500
PODD,INSULET CORP,Health Care,Equity,,0.02,,"911,092.00",160.4,United States,NASDAQ,USD,1.0,USD,-,IVV,S&P 500
ZBRA,ZEBRA TECHNOLOGIES CORP CLASS A,Information Technology,Equity,,0.02,,"636,605.00",228.62,United States,NASDAQ,USD,1.0,USD,-,IVV,S&P 500
ALGN,ALIGN TECHNOLOGY INC,Health Care,Equity,,0.02,,"863,069.00",168.39,United States,NASDAQ,USD,1.0,USD,-,IVV,S&P 500
RVTY,REVVITY INC,Health Care,Equity,,0.02,,"1,467,620.00",98.85,United States,NYSE,USD,1.0,USD,-,IVV,S&P 500
CLX,CLOROX,Consumer Staples,Equity,,0.02,,"1,564,362.00",92.11,United States,NYSE,USD,1.0,USD,-,IVV,S&P 500
GEN,GEN DIGITAL INC,Information Technology,Equity,,0.02,,"7,127,188.00",20.19,United States,NASDAQ,USD,1.0,USD,-,IVV,S&P 500
UDR,UDR REIT INC,Real Estate,Equity,,0.02,,"3,895,082.00",36.93,United States,NYSE,USD,1.0,USD,-,IVV,S&P 500
IT,GARTNER INC,Information Technology,Equity,,0.02,,"910,973.00",157.78,United States,NYSE,USD,1.0,USD,-,IVV,S&P 500
CPT,CAMDEN PROPERTY TRUST REIT,Real Estate,Equity,,0.02,,"1,339,256.00",104.07,United States,NYSE,USD,1.0,USD,-,IVV,S&P 500
SJM,JM SMUCKER,Consumer Staples,Equity,,0.02,,"1,381,476.00",99.44,United States,NYSE,USD,1.0,USD,-,IVV,S&P 500
SOLV,SOLVENTUM CORP,Health Care,Equity,,0.02,,"1,909,622.00",71.65,United States,NYSE,USD,1.0,USD,-,IVV,S&P 500
JKHY,JACK HENRY AND ASSOCIATES INC,Financials,Equity,,0.02,,"933,176.00",146.03,United States,NASDAQ,USD,1.0,USD,-,IVV,S&P 500
TTD,TRADE DESK INC CLASS A,Communication,Equity,,0.02,,"5,700,602.00",23.49,United States,NASDAQ,USD,1.0,USD,-,IVV,S&P 500
DPZ,DOMINOS PIZZA INC,Consumer Discretionary,Equity,,0.02,,"402,347.00",332.53,United States,NASDAQ,USD,1.0,USD,-,IVV,S&P 500
AES,AES CORP,Utilities,Equity,,0.02,,"9,215,095.00",14.29,United States,NYSE,USD,1.0,USD,-,IVV,S&P 500
NWSA,NEWS CORP CLASS A,Communication,Equity,,0.02,,"4,788,055.00",27.04,United States,NASDAQ,USD,1.0,USD,-,IVV,S&P 500
SWKS,SKYWORKS SOLUTIONS INC,Information Technology,Equity,,0.02,,"1,945,126.00",65.04,United States,NASDAQ,USD,1.0,USD,-,IVV,S&P 500
UHS,UNIVERSAL HEALTH SERVICES INC CLAS,Health Care,Equity,,0.01,,"714,990.00",170.56,United States,NYSE,USD,1.0,USD,-,IVV,S&P 500
BEN,FRANKLIN RESOURCES INC,Financials,Equity,,0.01,,"3,978,838.00",30.52,United States,NYSE,USD,1.0,USD,-,IVV,S&P 500
FRT,FEDERAL REALTY INVESTMENT TRUST RE,Real Estate,Equity,,0.01,,"1,015,638.00",115.67,United States,NYSE,USD,1.0,USD,-,IVV,S&P 500
WYNN,WYNN RESORTS LTD,Consumer Discretionary,Equity,,0.01,,"1,094,095.00",106.85,United States,NASDAQ,USD,1.0,USD,-,IVV,S&P 500
BAX,BAXTER INTERNATIONAL INC,Health Care,Equity,,0.01,,"6,657,859.00",17.49,United States,NYSE,USD,1.0,USD,-,IVV,S&P 500
CRL,CHARLES RIVER LABORATORIES INTERNA,Health Care,Equity,,0.01,,"636,884.00",181.68,United States,NYSE,USD,1.0,USD,-,IVV,S&P 500
BLDR,BUILDERS FIRSTSOURCE INC,Industrials,Equity,,0.01,,"1,432,329.00",79.41,United States,NYSE,USD,1.0,USD,-,IVV,S&P 500
BXP,BXP INC,Real Estate,Equity,,0.01,,"1,908,978.00",59.46,United States,NYSE,USD,1.0,USD,-,IVV,S&P 500
FDS,FACTSET RESEARCH SYSTEMS INC,Financials,Equity,,0.01,,"480,286.00",223.98,United States,NYSE,USD,1.0,USD,-,IVV,S&P 500
FOX,FOX CORP CLASS B,Communication,Equity,,0.01,,"1,831,361.00",56.5,United States,NASDAQ,USD,1.0,USD,-,IVV,S&P 500
TECH,BIO TECHNE CORP,Health Care,Equity,,0.01,,"2,025,451.00",50.91,United States,NASDAQ,USD,1.0,USD,-,IVV,S&P 500
NCLH,NORWEGIAN CRUISE LINE HOLDINGS LTD,Consumer Discretionary,Equity,,0.01,,"5,886,899.00",17.22,United States,NYSE,USD,1.0,USD,-,IVV,S&P 500
TAP,MOLSON COORS BREWING CLASS B,Consumer Staples,Equity,,0.01,,"2,194,918.00",43.13,United States,NYSE,USD,1.0,USD,-,IVV,S&P 500
MGM,MGM RESORTS INTERNATIONAL,Consumer Discretionary,Equity,,0.01,,"2,481,516.00",38.11,United States,NYSE,USD,1.0,USD,-,IVV,S&P 500
MOS,MOSAIC,Materials,Equity,,0.01,,"4,110,520.00",22.91,United States,NYSE,USD,1.0,USD,-,IVV,S&P 500
ARE,ALEXANDRIA REAL ESTATE EQUITIES RE,Real Estate,Equity,,0.01,,"2,015,226.00",45.58,United States,NYSE,USD,1.0,USD,-,IVV,S&P 500
HSIC,HENRY SCHEIN INC,Health Care,Equity,,0.01,,"1,298,727.00",70.5,United States,NASDAQ,USD,1.0,USD,-,IVV,S&P 500
CAG,CONAGRA BRANDS INC,Consumer Staples,Equity,,0.01,,"6,195,575.00",14.36,United States,NYSE,USD,1.0,USD,-,IVV,S&P 500
AOS,A O SMITH CORP,Industrials,Equity,,0.01,,"1,454,558.00",60.23,United States,NYSE,USD,1.0,USD,-,IVV,S&P 500
DVA,DAVITA INC,Health Care,Equity,,0.01,,"431,281.00",196.26,United States,NYSE,USD,1.0,USD,-,IVV,S&P 500
POOL,POOL CORP,Consumer Discretionary,Equity,,0.01,,"424,224.00",190.44,United States,NASDAQ,USD,1.0,USD,-,IVV,S&P 500
HRL,HORMEL FOODS CORP,Consumer Staples,Equity,,0.01,,"3,774,122.00",20.75,United States,NYSE,USD,1.0,USD,-,IVV,S&P 500
EPAM,EPAM SYSTEMS INC,Information Technology,Equity,,0.01,,"714,705.00",104.24,United States,NYSE,USD,1.0,USD,-,IVV,S&P 500
ERIE,ERIE INDEMNITY CLASS A,Financials,Equity,,0.01,,"328,307.00",216.75,United States,NASDAQ,USD,1.0,USD,-,IVV,S&P 500
BFB,BROWN FORMAN CORP CLASS B,Consumer Staples,Equity,,0.01,,"2,210,195.00",27.38,United States,NYSE,USD,1.0,USD,-,IVV,S&P 500
CPB,CAMPBELL SOUP,Consumer Staples,Equity,,0.01,,"2,544,313.00",21.25,United States,NASDAQ,USD,1.0,USD,-,IVV,S&P 500
NWS,NEWS CORP CLASS B,Communication,Equity,,0.01,,"1,579,982.00",30.85,United States,NASDAQ,USD,1.0,USD,-,IVV,S&P 500
PSKY,PARAMOUNT SKYDANCE CORP CLASS B,Communication,Equity,,0.01,,"4,035,081.00",10.76,United States,NASDAQ,USD,1.0,USD,-,IVV,S&P 500
-,HOLOGIC INC,Health Care,Equity,,0.0,,"2,843,388.00",0.01,United States,NO MARKET (E.G. UNLISTED),USD,1.0,USD,-,IVV,S&P 500
